b,T,kappa,bt,lam1,lam_src,t_max,kl_label,kl_tstar,kl_p0,kl_lastgap,w1_label,w1_tstar,w1_p0,w1_lastgap,u_label,u_tstar,u_p0,u_lastgap,var_label,var_tstar,var_p0,var_lastgap,c1_cold,c1_hot,r,seconds
0.1,0.05,0.0,2.0,0.022728169977563616,eig,351.9861039360976,EFFECT,0.8835049497653652,649.1779261233298,6.699485173460887e-08,EFFECT,0.10627329934969004,1.767948340685928,0.00033061443668958354,CROSSING_NO_MARGIN,nan,3.25259056695241e+18,-2.2898349882893854e-16,EFFECT,0.6166221360054489,10.812035430263371,1.0925158977492799e-07,0.9809359470966207,1.524558257415265e-12,1.554187367613207e-12,22.17284655570984
0.1,0.1,0.0,1.0,0.07486877255370186,eig,106.85362838373985,EFFECT,0.7091851261759059,323.6515006715954,5.140739796948595e-08,EFFECT,0.13779325614062402,1.8930018506518442,0.00028704915553723256,CROSSING_NO_MARGIN,nan,inf,4.718447854656915e-16,EFFECT,0.752993564423555,11.930172467694572,8.235400195122367e-08,-0.9553210463127442,1.7141843500212417e-13,1.7943542190737707e-13,20.85555672645569
0.1,0.15,0.0,0.6666666666666667,0.12430498873397423,eig,64.35783536508613,EFFECT,0.6166221360054489,215.14492491864698,6.085726307427309e-08,EFFECT,0.14057405679516607,1.8983679683618078,0.00031767741974315396,CROSSING_NO_MARGIN,nan,1.6245359463285332e+18,-1.6653345369377348e-16,EFFECT,0.7836925081582845,11.937474161008577,1.0086862289870879e-07,0.9412846265111469,1.511013536514838e-13,1.6052674121698771e-13,25.932379245758057
0.1,0.2,0.0,0.5,0.1691772549966597,eig,47.28768060551612,EFFECT,0.5579985042265561,160.89880148034763,5.2191880095649736e-08,EFFECT,0.1350674645856029,1.8677560970409228,0.00030062856812592304,CROSSING_NO_MARGIN,nan,8.119454646071904e+17,2.2898349882893854e-16,EFFECT,0.7836925081582845,11.635708797738548,9.033088499421638e-08,-0.9326048981987182,8.25894908018654e-13,8.855785656003207e-13,23.48470163345337
0.1,0.3,0.0,0.33333333333333337,0.24813771967715254,eig,32.24016086876535,EFFECT,0.4661633187469179,106.67117361773198,4.833188503388875e-08,EFFECT,0.11743843101548164,1.7837021230105987,0.0003017893928060029,CROSSING_NO_MARGIN,nan,8.113171148263393e+17,-9.159339953157541e-16,EFFECT,0.752993564423555,10.86137570539614,9.102914655390038e-08,0.922283818776655,6.653566586578563e-13,7.214228907760795e-13,16.967936992645264
0.1,0.5,0.0,0.2,0.37834319506285397,eig,21.144823283185953,EFFECT,0.3524171888360822,63.32893127871766,6.262669155866732e-08,EFFECT,0.08702659882029457,1.6275048878651028,0.00036824731525364777,CROSSING_NO_MARGIN,nan,inf,-3.885780586188048e-16,EFFECT,0.6547126877813866,9.506948896144802,1.355400438551868e-07,0.9121307059815055,6.843414723789465e-13,7.502668947456992e-13,22.31943917274475
0.1,0.7,0.0,0.14285714285714288,0.4864895693846095,eig,16.44434023553617,EFFECT,0.28288356346803645,44.783274461046965,5.149435175038604e-08,EFFECT,0.06449020850108327,1.5047484424995181,0.00035234814830547114,NO_CROSSING,nan,8.086677767409476e+17,-1.8596235662471372e-15,EFFECT,0.5807476557394616,8.503816964675028,1.2408579475042814e-07,-0.9068763770475929,1.7609247393579608e-12,1.941747281024994e-12,22.53718590736389
0.1,1.0,0.0,0.1,0.6243953061960323,eig,12.812396122478788,EFFECT,0.22257743353501985,30.902762889209733,5.987386681800009e-08,EFFECT,0.042390863135627684,1.3648824553397203,0.00040441564517966613,NO_CROSSING,nan,8.065496451022491e+17,-1.484923295436147e-14,EFFECT,0.4851684233979275,7.422393106352687,1.634718187482065e-07,-0.9023038688483963,8.557599073810707e-13,9.484165334160327e-13,20.21761441230774
0.3,0.05,0.0,5.999999999999999,0.0012425349066568928,eig,6438.450909620263,EFFECT,0.4569417931578556,1951.9972000402965,5.8858202411254045e-08,EFFECT,0.02958573642484654,1.6350210127346185,0.0003300526196647943,CROSSING_NO_MARGIN,nan,4.882793896580107e+18,1.2732870313669764e-15,EFFECT,0.14925772719240035,8.727424965727797,1.0887812662563334e-07,-0.9995994784720145,1.4682588478365233e-11,1.468847152742517e-11,27.663846492767334
0.3,0.1,0.0,2.9999999999999996,0.024187624397182174,eig,330.7476529580966,EFFECT,0.33861223939659446,974.7519277878123,6.614660336964856e-08,EFFECT,0.032047285184837994,1.6970320561426764,0.000335918098594314,CROSSING_NO_MARGIN,nan,4.88058982222514e+18,2.1788126858268697e-15,EFFECT,0.17866182337446176,9.869219152989594,1.1278441558459917e-07,0.9923670853508335,4.170497280853169e-12,4.202575178497345e-12,27.897969961166382
0.3,0.15,0.0,2.0,0.06818450993206562,eig,117.3287013131084,EFFECT,0.2944164994832773,649.1779261233298,6.730140236193456e-08,EFFECT,0.035414190708703545,1.767948340685928,0.0003313698784731882,CROSSING_NO_MARGIN,nan,4.878885850428614e+18,1.096345236817342e-15,EFFECT,0.20548128319466533,10.812035430263373,1.0975148956315905e-07,0.9809359470960399,9.259260025373806e-13,9.439209616881604e-13,24.870349884033203
0.3,0.2,0.0,1.4999999999999998,0.11946223250179375,eig,66.96677127543116,EFFECT,0.27180239769449427,486.41385258427056,6.449403415010775e-08,EFFECT,0.03992460366452137,1.8298859313493905,0.00032141167259438016,CROSSING_NO_MARGIN,nan,inf,1.3877787807814457e-15,EFFECT,0.22706926056775079,11.41161258717461,1.0325389609988633e-07,-0.9705778922457516,5.975220318532593e-13,6.156353205930698e-13,21.49992322921753
0.3,0.3,0.0,1.0,0.22460631766216832,eig,35.61787612774476,EFFECT,0.23632669221577876,323.6515006715954,5.1645791101334616e-08,EFFECT,0.04591780514200746,1.8930018506518447,0.0002877138676306441,CROSSING_NO_MARGIN,nan,2.4378822586255514e+18,-8.604228440844963e-16,EFFECT,0.25092528279540993,11.930172467694572,8.27358906940745e-08,0.9553210463132326,3.4139358007223564e-13,3.573600533451441e-13,25.47337293624878
0.3,0.5,0.0,0.6,0.41922154369916415,eig,19.082988744826643,EFFECT,0.19743213345077246,193.44531244268703,6.34783489829878e-08,EFFECT,0.04591780514200746,1.8902819652361085,0.00032674091365156354,CROSSING_NO_MARGIN,nan,inf,-4.996003610813204e-16,EFFECT,0.26115530533757386,11.854508989660566,1.0670706318549605e-07,-0.9379735780288084,4.207745263329343e-14,4.485995514044329e-14,20.168134689331055
0.3,0.7,0.0,0.4285714285714286,0.5907262100517476,eig,13.542652863327666,EFFECT,0.1716632503292681,137.6548423830023,5.9041065284878465e-08,EFFECT,0.04324635159170897,1.840913296673695,0.00032442997248363344,NO_CROSSING,nan,inf,-8.049116928532385e-16,EFFECT,0.26115530533757386,11.383474220489175,1.0520227655685943e-07,-0.9284231902256757,8.539835505416704e-13,9.198214343763744e-13,22.3678560256958
0.3,1.0,0.0,0.3,0.815968222886869,eig,9.80430337310963,EFFECT,0.14630514835292877,95.83044060535286,5.497895560604813e-08,EFFECT,0.036857998862375806,1.7553810227915814,0.0003260752733039589,CROSSING_NO_MARGIN,nan,6.083294908215324e+17,9.992007221626409e-16,EFFECT,0.24596154192780895,10.608720518867436,1.0627129576334937e-07,0.9199471726357435,2.018940570280847e-12,2.1946266376322176e-12,20.724050045013428
0.5,0.05,0.0,10.0,3.919053172195788e-05,eig,204130.93797137018,EFFECT,0.359529307214264,3255.5746546519395,5.893339761449276e-08,EFFECT,0.01795361885225983,1.6241038092554991,0.0003361968713727189,CROSSING_NO_MARGIN,nan,1.6278833363350256e+19,-1.932481952238163e-15,EFFECT,0.08530506051885198,8.375833240901141,1.129696528545665e-07,0.999992763163156,1.0041855125209054e-09,1.004192779700212e-09,34.488056659698486
0.5,0.1,0.0,5.0,0.005553037687548905,eig,1440.6529273045826,EFFECT,0.25092528279540993,1626.1768483157764,5.999406206721388e-08,EFFECT,0.01795361885225983,1.6445395863824979,0.00033013547194581214,CROSSING_NO_MARGIN,nan,inf,1.8110513089197866e-15,EFFECT,0.09240248621500025,8.941122439580914,1.0893313784343661e-07,0.9989125823075576,2.6111335316159057e-12,2.613976015382653e-12,28.03994584083557
0.5,0.15,0.0,3.3333333333333335,0.028860623340903446,eig,277.1942901407053,EFFECT,0.20962809344364242,1083.2971142299734,6.985827549871243e-08,EFFECT,0.018685573494398415,1.682739648760095,0.00034752744035308135,CROSSING_NO_MARGIN,nan,2.033749751319479e+18,8.326672684688674e-17,EFFECT,0.10417102765653845,9.641532371161151,1.207155249094427e-07,0.9944378999222515,1.2842504837351498e-12,1.291433566475651e-12,22.982651233673096
0.5,0.2,0.0,2.5,0.0670941084235785,eig,119.23550648433097,EFFECT,0.18969828644682904,811.9544929372049,6.422455466522914e-08,EFFECT,0.01983983598854472,1.7259835341499465,0.00032739228572172696,CROSSING_NO_MARGIN,nan,4.0665349270954235e+18,2.067790383364354e-15,EFFECT,0.11511529349436635,10.289388272006972,1.0713168818732299e-07,0.9878500189080065,1.2477796573762134e-12,1.263126621949696e-12,24.990424156188965
0.5,0.3,0.0,1.6666666666666667,0.16427567207454252,eig,48.69862895079121,EFFECT,0.16826745106331953,540.6678480948782,6.619506026135199e-08,EFFECT,0.02327854330578653,1.8064690404216237,0.00032645361668693013,CROSSING_NO_MARGIN,nan,1.3550245629497818e+18,-2.4147350785597155e-15,EFFECT,0.1323955939539239,11.208185379382948,1.065190158300311e-07,0.974491785780007,1.249000902703301e-13,1.2816946442535382e-13,24.82460117340088
0.5,0.5,0.0,1.0,0.3743438627703388,eig,21.370725676643524,EFFECT,0.14341097668585137,323.6515006715954,5.9279638551037214e-08,EFFECT,0.027313258978161913,1.8930018506518447,0.00030824224321791317,CROSSING_NO_MARGIN,nan,4.063137097709254e+18,-3.608224830031759e-16,EFFECT,0.14925772719240035,11.930172467694572,9.496521991003704e-08,0.9553210463138456,9.22595333463505e-13,9.65743753917477e-13,22.320029735565186
0.5,0.7,0.0,0.7142857142857143,0.5739870077363338,eig,13.93759770199341,EFFECT,0.12720936996019305,230.64523850914497,5.10264306251045e-08,EFFECT,0.027864466857063012,1.9016036646517873,0.00028971781886020056,CROSSING_NO_MARGIN,nan,4.061676297109353e+18,-2.7755575615628914e-17,EFFECT,0.1584778132931216,11.973435983353339,8.389257843965936e-08,-0.9435335166502401,9.403589018575076e-13,9.966353979623287e-13,19.154654264450073
0.5,1.0,0.0,0.5,0.8458862749829017,eig,9.45753612110766,EFFECT,0.11060597653496948,160.89880148034763,6.015032766363177e-08,EFFECT,0.026772954954960664,1.8677560970409228,0.0003227332878166258,NO_CROSSING,nan,6.766212205059921e+17,-8.881784197001252e-16,EFFECT,0.1584778132931216,11.635708797738548,1.0410491202428318e-07,-0.9326048981983472,1.095457058397642e-12,1.1746207429468798e-12,16.237234115600586
0.7,0.05,0.0,13.999999999999998,1.0150748356338044e-06,quad,7881192.32116011,EFFECT,0.3319138971959276,4559.32500427429,7.337418277794954e-08,EFFECT,0.012783192847610205,1.6233945705721564,0.00037764161195691186,CROSSING_NO_MARGIN,nan,inf,-1.6341095143701523e-15,EFFECT,0.05953672205591828,8.255432518792098,1.425432232249335e-07,nan,nan,nan,36.72297120094299
0.7,0.1,0.0,6.999999999999999,0.0010787389096032283,eig,7416.066973001359,EFFECT,0.20962809344364242,2277.85940474501,6.033872794738455e-08,EFFECT,0.012783192847610205,1.629760580852555,0.0003363962587550241,CROSSING_NO_MARGIN,nan,5.696962380109455e+18,4.718447854656915e-16,EFFECT,0.06321447940782192,8.589255995283686,1.1310402003861242e-07,-0.9998530961963349,6.843081656882077e-12,6.844087079306643e-12,29.796882390975952
0.7,0.15,0.0,4.666666666666667,0.010798170243239915,eig,740.866259726579,EFFECT,0.1751275800958082,1517.582985050922,7.514028752523348e-08,EFFECT,0.012783192847610205,1.649256596001419,0.00036802288293118115,CROSSING_NO_MARGIN,nan,1.1391662872809116e+19,4.052314039881821e-15,EFFECT,0.06711942258172593,9.038107918860797,1.3537495480164807e-07,0.9984861084816767,5.638267630558857e-13,5.646816297857714e-13,27.503289699554443
0.7,0.2,0.0,3.4999999999999996,0.03422252505304933,eig,233.76416519818358,EFFECT,0.15534284502811627,1137.5738771963343,5.9182680982648175e-08,EFFECT,0.013304353368124614,1.6767434587843415,0.0003208755935688263,CROSSING_NO_MARGIN,nan,1.1389424294911562e+19,-1.249000902703301e-16,EFFECT,0.07270379368051788,9.541487624686528,1.0290793839295986e-07,-0.9952598277430721,1.8102186416513177e-13,1.818840257781035e-13,27.79526996612549
0.7,0.3,0.0,2.3333333333333335,0.11168608258698909,eig,71.62933657171679,EFFECT,0.1323955939539239,757.6936328535936,7.474974379610231e-08,EFFECT,0.014411282533771202,1.7382487567758407,0.0003518567245944528,CROSSING_NO_MARGIN,nan,5.692808035995106e+18,-9.159339953157541e-16,EFFECT,0.08361757725533468,10.452291180105073,1.2374320101926628e-07,0.9858570629879416,1.251776460264864e-13,1.269734231523353e-13,19.410451889038086
0.7,0.5,0.0,1.4,0.31390422764155834,eig,25.485480269271996,EFFECT,0.11283811169571215,453.8615356954089,5.7362881966935054e-08,EFFECT,0.017598464877237895,1.8443240444997884,0.00030278886959519274,CROSSING_NO_MARGIN,nan,1.8967339026726843e+18,-2.1649348980190553e-15,EFFECT,0.10009042144488495,11.53160818041778,9.163400316314352e-08,-0.9679756174649526,4.2321701698710967e-13,4.3721867508964713e-13,21.241533517837524
0.7,0.7,0.0,1.0,0.5240814078790279,eig,15.264804054729252,EFFECT,0.10211034257355961,323.6515006715954,6.234898192174282e-08,EFFECT,0.019447369340282995,1.8930018506518447,0.00031612049084396175,CROSSING_NO_MARGIN,nan,2.8441959683964774e+18,-2.55351295663786e-15,EFFECT,0.10841799691087087,11.930172467694572,9.988223947932084e-08,0.955321046313238,3.618216837253385e-13,3.7874354922010337e-13,24.992797136306763
0.7,1.0,0.0,0.7,0.8227318471040321,eig,9.723702842134447,EFFECT,0.09057460346048603,225.9951035001073,5.064321305407657e-08,EFFECT,0.01983983598854472,1.9008279813807267,0.0002889565206614497,CROSSING_NO_MARGIN,nan,2.8431055926783386e+18,-7.216449660063518e-16,EFFECT,0.11283811169571215,11.964442950230755,8.345219293381945e-08,0.9428685038752742,3.921307722976053e-13,4.1589126234030793e-13,19.767783164978027
1.0,0.05,0.0,20.0,3.625795424825154e-09,quad,2206412404.082556,EFFECT,0.31260346725888594,6515.066976749678,5.309987757900623e-08,EFFECT,0.009101787262161034,1.6248922854020398,0.00032275812191438297,CROSSING_NO_MARGIN,nan,2.170770064131006e+19,2.078198724220215e-15,EFFECT,0.041552297737135105,8.173155418873892,1.041174103599829e-07,nan,nan,nan,42.397669076919556
1.0,0.1,0.0,10.0,7.838106344391576e-05,eig,102065.46898568509,EFFECT,0.1822673910872557,3255.5746546519395,6.499418000144416e-08,EFFECT,0.00892173799451416,1.6241038092554991,0.0003530590744978295,CROSSING_NO_MARGIN,nan,1.6278833363350256e+19,1.1338152638984411e-14,EFFECT,0.042390863135627684,8.375833240901141,1.245878773481479e-07,0.999992763163156,1.0041855125209054e-09,1.004192779700212e-09,33.09778952598572
1.0,0.15,0.0,6.666666666666667,0.002143207513070784,eig,3732.723010352653,EFFECT,0.14341097668585137,2169.2350814735055,7.386232363397622e-08,EFFECT,0.00892173799451416,1.6311893480203854,0.0003714530582753781,CROSSING_NO_MARGIN,nan,5.425574112824383e+18,4.1772141301521515e-15,EFFECT,0.044119104628984246,8.629265873614905,1.379099133780315e-07,0.999794733189443,3.29802851695149e-12,3.2987056317354826e-12,27.175225019454956
1.0,0.2,0.0,5.0,0.01110607537509781,eig,720.3264636522913,EFFECT,0.12469294618105553,1626.1768483157764,6.615580148778877e-08,EFFECT,0.00892173799451416,1.6445395863824979,0.0003466723846494399,CROSSING_NO_MARGIN,nan,inf,3.0253577421035516e-15,EFFECT,0.046844470685520834,8.941122439580914,1.2012129835259344e-07,0.9989125823075576,2.6111335316159057e-12,2.613976015382653e-12,27.24740743637085
1.0,0.3,0.0,3.3333333333333335,0.05772124668180689,eig,138.59714507035264,EFFECT,0.10627329934969004,1083.2971142299734,5.608355978451353e-08,EFFECT,0.00928547009748274,1.682739648760095,0.00031138966215827626,CROSSING_NO_MARGIN,nan,2.033749751319479e+18,2.1371793224034263e-15,EFFECT,0.05176597671025761,9.641532371161151,9.69127554872884e-08,0.9944378999222515,1.2842504837351498e-12,1.291433566475651e-12,24.089059591293335
1.0,0.5,0.0,2.0,0.2272816997720494,eig,35.198610394165236,EFFECT,0.0887828794231353,649.1779261233298,6.20128776905895e-08,EFFECT,0.010679339741750216,1.767948340685928,0.0003180857470903906,CROSSING_NO_MARGIN,nan,inf,-2.1094237467877974e-15,EFFECT,0.06196398646679547,10.812035430263371,1.0112723358712827e-07,-0.9809359470947788,3.049782648645305e-13,3.109053815060804e-13,19.93134355545044
1.0,0.7,0.0,1.4285714285714286,0.4333422151013101,eig,18.461160074445317,EFFECT,0.08034209449561247,463.1621985236539,5.498166797050976e-08,EFFECT,0.012282447320641711,1.840237317290668,0.0002965205346895309,CROSSING_NO_MARGIN,nan,1.3548349792462912e+18,-2.220446049250313e-16,EFFECT,0.06985582761185566,11.497649922105916,8.78787624891686e-08,-0.9687396638640793,7.629452625224076e-13,7.875648029927821e-13,20.53227925300598
1.0,1.0,0.0,1.0,0.7486877255406776,eig,10.685362838321762,EFFECT,0.07126558550993725,323.6515006715954,6.533700534809257e-08,EFFECT,0.013572848036082698,1.8930018506518447,0.00032360578330014553,CROSSING_NO_MARGIN,nan,4.063137097709254e+18,-1.2212453270876722e-15,EFFECT,0.07566786904178371,11.930172467694572,1.0466904187822479e-07,0.9553210463138456,9.22595333463505e-13,9.65743753917477e-13,22.174048900604248
1.5,0.05,0.0,30.0,2.484143761270266e-13,quad,32204255344341.273,EFFECT,0.2944164994832773,9774.779527809353,6.978982561145395e-08,EFFECT,0.006226723619963076,1.6278842497470094,0.00037128474209774094,CROSSING_NO_MARGIN,nan,9.768838592385548e+19,-1.493596912816031e-14,EFFECT,0.027313258978161913,8.112797360597098,1.3778333207703497e-07,nan,nan,nan,52.165724992752075
1.5,0.1,0.0,15.0,8.018015428409976e-07,quad,9977531.31236672,EFFECT,0.16167604823784312,4885.274688411908,6.886977902402723e-08,EFFECT,0.00598280928357344,1.6235512943368537,0.0003662540548594136,CROSSING_NO_MARGIN,nan,inf,-7.771561172376096e-16,EFFECT,0.027864466857063012,8.236638533884278,1.3407506005425063e-07,nan,nan,nan,37.13735222816467
1.5,0.15,0.0,10.0,0.00011757159500321059,eig,68043.64608459671,EFFECT,0.11980845168980957,3255.5746546519395,5.920591656006771e-08,EFFECT,0.00598280928357344,1.6241038092555038,0.00033697319407542637,CROSSING_NO_MARGIN,nan,inf,1.008915173628111e-14,EFFECT,0.02842679864197641,8.375833240901137,1.1349194961596254e-07,0.999992763935147,1.776185809543307e-09,1.7761986622320186e-09,33.027740478515625
1.5,0.2,0.0,7.5,0.0014087086366181148,eig,5678.960000703616,EFFECT,0.10211034257355961,2440.80128213189,7.396184300262403e-08,EFFECT,0.005864458854261982,1.6280630320629799,0.00037340126561148326,CROSSING_NO_MARGIN,nan,8.138723555761283e+18,-9.159339953157541e-16,EFFECT,0.02900047882404185,8.53790922936655,1.3936025378136208e-07,0.9999110709315844,2.7829155646585946e-10,2.783163068757548e-10,29.50398349761963
1.5,0.3,0.0,5.0,0.01665911306248059,eig,480.2176424396496,EFFECT,0.08361757725533468,1626.1768483157766,6.027113696523335e-08,EFFECT,0.00598280928357344,1.6445395863824979,0.00033089683739787333,CROSSING_NO_MARGIN,nan,1.22058452048665e+19,9.325873406851315e-15,EFFECT,0.03079192317167777,8.941122439580916,1.0943634254356738e-07,0.9989125823104645,5.526246127374179e-12,5.532262006943674e-12,28.526766061782837
1.5,0.5,0.0,3.0,0.12093812199027446,eig,66.14953058923257,EFFECT,0.06847395719013424,974.7519277878125,5.549311157726795e-08,EFFECT,0.006352384901240694,1.6970320561426782,0.0003076834800503375,CROSSING_NO_MARGIN,nan,3.0503686388907126e+18,-5.329070518200751e-15,EFFECT,0.036128883194106,9.869219152989594,9.461944994182403e-08,-0.9923670853422634,4.457434421567541e-12,4.491719331894397e-12,23.186067581176758
1.5,0.7,0.0,2.142857142857143,0.29253397534045433,eig,27.34725083023095,EFFECT,0.06073823046278418,695.683786708637,6.998057226655953e-08,EFFECT,0.0070197699758374746,1.754287334240505,0.0003389750048897257,CROSSING_NO_MARGIN,nan,6.098980651422612e+18,-7.438494264988549e-15,EFFECT,0.040730320628560086,10.652550885826146,1.148475161638629e-07,-0.9832111600195886,2.1697088570249434e-12,2.2067577599319722e-12,19.546481132507324
1.5,1.0,0.0,1.5,0.597311162506185,eig,13.393354255148651,EFFECT,0.05387643406538531,486.41385258427084,5.4118181666766724e-08,EFFECT,0.008073528609093177,1.8298859313493943,0.00029442755869831053,CROSSING_NO_MARGIN,nan,6.097028647618215e+18,-8.881784197001252e-16,EFFECT,0.04591780514200746,11.411612587174602,8.664233575039759e-08,0.9705778922468816,5.488942633746774e-13,5.655334494627635e-13,19.758305072784424
2.0,0.05,0.0,40.0,1.507721916449425e-17,quad,5.3060182469453094e+17,EFFECT,0.26642567098797054,13034.579586701588,6.82797745639292e-08,EFFECT,0.004707372600026412,1.6303136176175297,0.00036785784206370595,CROSSING_NO_MARGIN,nan,3.2563410248435122e+19,6.020184351029911e-14,EFFECT,0.020240222991858205,8.083652212609534,1.3524286002208896e-07,nan,nan,nan,61.41134715080261
2.0,0.1,0.0,20.0,7.2515908496502974e-09,quad,1103206202.0412796,EFFECT,0.1584778132931216,6515.066976749678,5.859822450511313e-08,EFFECT,0.004522974554769828,1.6248922854020398,0.00033905470390761783,CROSSING_NO_MARGIN,nan,2.170770064131006e+19,-1.652150638520311e-14,EFFECT,0.020648690190618615,8.173155418873892,1.1489766060801543e-07,nan,nan,nan,40.322712659835815
2.0,0.15,0.0,13.333333333333334,5.640212000438684e-06,quad,1418386.400968222,EFFECT,0.11060597653496948,4342.02738923656,5.6400896065221295e-08,EFFECT,0.004522974554769828,1.6233168327880365,0.00033083437215513197,CROSSING_NO_MARGIN,nan,inf,-2.1510571102112408e-15,EFFECT,0.02106540065095427,8.269739930416662,1.0939393491060656e-07,nan,nan,nan,34.61232328414917
2.0,0.2,0.0,10.0,0.00015676212688783153,eig,51032.734492842545,EFFECT,0.09057460346048603,3255.5746546519395,7.163519797996489e-08,EFFECT,0.004433502209095775,1.6241038092554991,0.0003706556747683095,CROSSING_NO_MARGIN,nan,1.6278833363350256e+19,7.771561172376096e-16,EFFECT,0.02106540065095427,8.375833240901141,1.3731787551485297e-07,0.999992763163156,1.0041855125209054e-09,1.004192779700212e-09,32.16855239868164
2.0,0.3,0.0,6.666666666666667,0.004286415026141568,eig,1866.3615051763265,EFFECT,0.07126558550993725,2169.2350814735055,5.9335265890415596e-08,EFFECT,0.004433502209095775,1.6311893480203854,0.0003329316331301036,CROSSING_NO_MARGIN,nan,5.425574112824383e+18,5.745404152435185e-15,EFFECT,0.02236667202498252,8.629265873614905,1.1078613082471378e-07,0.999794733189443,3.29802851695149e-12,3.2987056317354826e-12,28.950572729110718
2.0,0.5,0.0,4.0,0.05956527685053386,eig,134.30643527560972,EFFECT,0.05720453888264784,1300.4203003880375,6.458601831698189e-08,EFFECT,0.004522974554769828,1.6623471593851766,0.000338046757437789,CROSSING_NO_MARGIN,nan,4.0680446769536824e+18,-1.5543122344752192e-15,EFFECT,0.024716526970793382,9.288413433561844,1.1421780476972287e-07,0.9970818675077544,3.3088531914415853e-12,3.318537122445316e-12,26.87185788154602
2.0,0.7,0.0,2.857142857142857,0.18628996304813555,eig,42.94380582346713,EFFECT,0.049738190569828485,928.235950556284,6.243420256479864e-08,EFFECT,0.004802371914027437,1.7042653770815728,0.0003253683491369329,CROSSING_NO_MARGIN,nan,2.7113299441121997e+18,-5.995204332975845e-15,EFFECT,0.027313258978161913,9.97912677703871,1.0581069653792241e-07,-0.9912715188746678,8.262834860772728e-13,8.335591917493037e-13,21.174835681915283
2.0,1.0,0.0,2.0,0.4545633995440988,eig,17.599305197082618,EFFECT,0.044119104628984246,649.1779261233298,6.83528259720085e-08,EFFECT,0.005414010358001863,1.767948340685928,0.0003339479471301535,CROSSING_NO_MARGIN,nan,inf,8.43769498715119e-15,EFFECT,0.03079192317167777,10.812035430263371,1.1146608025480731e-07,-0.9809359470947788,3.049782648645305e-13,3.109053815060804e-13,25.323413133621216
3.0,0.05,0.0,60.0,4.671419351870822e-26,quad,1.7125416061814572e+26,EFFECT,0.22257743353501985,19554.304704618135,5.890131304501301e-08,EFFECT,0.0031567069678569873,1.6338193726694952,0.00034222335967041905,CROSSING_NO_MARGIN,nan,inf,2.1816923267969912e-13,EFFECT,0.013572848036082698,8.055138984023003,1.1704014679647656e-07,nan,nan,nan,77.47648787498474
3.0,0.1,0.0,30.0,4.968287522540524e-13,quad,16102127672170.662,EFFECT,0.14925772719240035,9774.779527809353,5.60191346870543e-08,EFFECT,0.003094261784140015,1.6278842497470094,0.000332648432402922,CROSSING_NO_MARGIN,nan,9.768838592385548e+19,-7.004119506603956e-14,EFFECT,0.013572848036082698,8.112797360597098,1.1059541848990051e-07,nan,nan,nan,53.7353720664978
3.0,0.15,0.0,20.0,1.0877386274475439e-08,quad,735470801.3608536,EFFECT,0.10417102765653845,6515.066976749679,5.334703033838091e-08,EFFECT,0.0030330518753500964,1.6248922854020371,0.00032350828210530414,CROSSING_NO_MARGIN,nan,2.4421163221473817e+19,-3.372302437298913e-15,EFFECT,0.013846761185099364,8.173155418873895,1.0460158705871692e-07,nan,nan,nan,40.768430948257446
3.0,0.2,0.0,15.0,1.6036030856819956e-06,quad,4988765.656183359,EFFECT,0.08196347536154307,4885.274688411908,5.527040871670323e-08,EFFECT,0.0030330518753500964,1.6235512943368537,0.0003281109417759417,CROSSING_NO_MARGIN,nan,inf,1.3697376566312869e-14,EFFECT,0.013846761185099364,8.236638533884278,1.0759986235342467e-07,nan,nan,nan,36.33779716491699
3.0,0.3,0.0,10.0,0.00023514319000642118,eig,34021.823042298354,EFFECT,0.06073823046278418,3255.5746546519395,6.529287580322354e-08,EFFECT,0.002973052805589142,1.6241038092555038,0.0003538693185600131,CROSSING_NO_MARGIN,nan,inf,1.609823385706477e-15,EFFECT,0.014126202165342371,8.375833240901137,1.2516024883169052e-07,0.999992763935147,1.776185809543307e-09,1.7761986622320186e-09,32.755415201187134
3.0,0.5,0.0,6.0,0.01242534905014085,eig,643.845091813281,EFFECT,0.045009470663334154,1951.9972000402972,7.475655407454936e-08,EFFECT,0.002973052805589142,1.6350210127346185,0.0003719611669553748,CROSSING_NO_MARGIN,nan,1.220698474145027e+19,-1.4432899320127035e-15,EFFECT,0.014998818965092779,8.727424965727801,1.382874912359e-07,-0.9995994784723704,1.4312495633106437e-11,1.431823039261624e-11,27.544091939926147
3.0,0.7,0.0,4.285714285714286,0.06738093882701567,eig,118.72793907692609,EFFECT,0.03913482519092715,1393.4855912666985,6.127577343482089e-08,EFFECT,0.0030330518753500964,1.6560375518505928,0.00033067099806488234,CROSSING_NO_MARGIN,nan,1.220469959393661e+19,-5.384581669432009e-15,EFFECT,0.016246728555534953,9.170649694567926,1.0928722005143499e-07,0.9977949125063239,5.763056698526725e-12,5.77579282705573e-12,25.16006875038147
3.0,1.0,0.0,3.0,0.2418762439805489,eig,33.074765294616284,EFFECT,0.03402693966743432,974.7519277878125,6.121693998953264e-08,EFFECT,0.0031567069678569873,1.6970320561426782,0.0003231600201747981,CROSSING_NO_MARGIN,nan,3.0503686388907126e+18,-4.440892098500626e-15,EFFECT,0.01795361885225983,9.869219152989594,1.0437896791337664e-07,-0.9923670853422634,4.457434421567541e-12,4.491719331894397e-12,22.936102151870728
5.0,0.05,0.0,100.0,3.3102194121073126e-43,quad,2.4167582277898416e+43,EFFECT,0.16167604823784312,32593.974276308145,6.453285216450492e-08,EFFECT,0.001915595843731685,1.638019637929459,0.0003586681810548625,CROSSING_NO_MARGIN,nan,1.6282253080192025e+20,5.991734886023892e-15,EFFECT,0.008073528609093177,8.032758786713089,1.2857317421843817e-07,nan,nan,nan,114.32015180587769
5.0,0.1,0.0,50.0,1.7136090856943504e-21,quad,4.6685093273524623e+21,EFFECT,0.12222630166454769,16294.427181581801,5.89486855369028e-08,EFFECT,0.001877702008286294,1.6322537857526602,0.00034213859155596786,CROSSING_NO_MARGIN,nan,inf,-3.061439990403869e-14,EFFECT,0.008073528609093177,8.066470873003478,1.1699751734095543e-07,nan,nan,nan,70.22577929496765
5.0,0.15,0.0,33.333333333333336,2.957232536084485e-14,quad,270523197022320.62,EFFECT,0.09616966147291227,10861.372553331563,5.967566894480033e-08,EFFECT,0.001877702008286294,1.6287544617297667,0.000343561679682131,CROSSING_NO_MARGIN,nan,8.140760458124014e+19,3.627653732962699e-14,EFFECT,0.008073528609093177,8.101060948424607,1.1797408194791359e-07,nan,nan,nan,47.8113694190979
5.0,0.2,0.0,25.0,1.226076838364662e-10,quad,65248765409.110725,EFFECT,0.07719491953505643,8144.908010015156,6.205341968036767e-08,EFFECT,0.001840557779168073,1.6264426408192023,0.00034963036921371144,CROSSING_NO_MARGIN,nan,2.713524998257499e+19,-6.655787032627813e-14,EFFECT,0.00823646019420441,8.136596068860852,1.2217819267412722e-07,nan,nan,nan,44.47662138938904
5.0,0.3,0.0,16.666666666666668,5.061850790046868e-07,quad,15804495.888599526,EFFECT,0.05387643406538531,5428.531575280468,6.912643842692608e-08,EFFECT,0.0018041483278530915,1.6239329082932557,0.0003674690175219043,CROSSING_NO_MARGIN,nan,inf,-3.3612002070526614e-14,EFFECT,0.00823646019420441,8.210835761843297,1.3496605044682752e-07,nan,nan,nan,36.78878426551819
5.0,0.5,0.0,10.0,0.00039190531755351794,eig,20413.093779743198,EFFECT,0.036128883194106,3255.574654651939,7.485151045282777e-08,EFFECT,0.0017684591191515515,1.6241038092555038,0.0003788842021421644,CROSSING_NO_MARGIN,nan,inf,6.417089082333405e-14,EFFECT,0.0085722540708344,8.375833240901136,1.4348298493782607e-07,-0.9999927607526856,1.4063140651998651e-09,1.4063242459288855e-09,26.967849493026733
5.0,0.7,0.0,7.142857142857143,0.006688991766540465,eig,1195.994894180829,EFFECT,0.02958573642484654,2324.413611344921,7.470798411086399e-08,EFFECT,0.0017684591191515515,1.6292259781669072,0.00037460192806040187,CROSSING_NO_MARGIN,nan,inf,-1.2490009027033011e-14,EFFECT,0.008745250416219761,8.573610578442814,1.4025809991213833e-07,-0.9998727213038795,2.0565421587903643e-10,2.0568039461148013e-10,27.79554009437561
5.0,1.0,0.0,5.0,0.05553037687491403,eig,144.06529273195005,EFFECT,0.02521533029617706,1626.1768483157766,7.61758165456384e-08,EFFECT,0.0018041483278530915,1.6445395863824979,0.00037199741949441733,CROSSING_NO_MARGIN,nan,1.0171537670722085e+19,-8.659739592076221e-15,EFFECT,0.00928547009748274,8.941122439580914,1.3831492795546296e-07,0.9989125823228586,1.794436821356271e-11,1.796390247866846e-11,23.54735279083252
0.1,0.05,0.02,2.0,0.022739795348301728,eig,351.8061564523914,EFFECT,0.866027676941272,617.6936074814039,7.113704525135749e-08,EFFECT,0.10211034257355961,1.724408582606544,0.0003282090914904138,EFFECT,3.9536674330398696,11411.335446707597,7.134705136899178e-07,EFFECT,122.87999049104282,10.837914083130416,1.9973760631342152e-05,1.0155842403401008,0.037194821043083026,0.03662406284546829,26.33364176750183
0.1,0.1,0.02,1.0,0.07487729598211927,eig,106.84146502713457,EFFECT,0.7091851261759059,316.04211519291823,7.27628643504073e-08,EFFECT,0.1323955939539239,1.863620881429482,0.00033461451192778305,EFFECT,3.7236468807066463,13019.215639792768,6.777828403387032e-07,EFFECT,47.0950035630863,11.938635238729884,9.08831404577981e-06,0.9712560132157882,0.01959657107027768,0.020176524833441442,20.76123046875
0.1,0.15,0.02,0.6666666666666667,0.12431117263566901,eig,64.35463386260852,EFFECT,0.6166221360054489,211.76127346980022,6.215001906605937e-08,EFFECT,0.1350674645856029,1.8780657572763046,0.00031641403442912025,EFFECT,2.0043557890466017,13780.62589879661,6.063727157612497e-07,EFFECT,31.581338154113826,11.940493238626614,5.5762193278408034e-06,0.9517041439157058,0.013696729627572624,0.014391793621091734,21.53536605834961
0.1,0.2,0.02,0.5,0.16918203734895243,eig,47.28634390126959,EFFECT,0.5469603180835205,158.97580773289954,5.303938567601518e-08,EFFECT,0.1323955939539239,1.8524691692454889,0.0002996187393531211,EFFECT,2.988953240872928,14136.410684310658,5.518183699426693e-07,EFFECT,0.7836925081582845,11.636510112884734,3.963571793663689e-06,0.9404200167646953,0.010657165624712528,0.011332346648018108,22.97142243385315
0.1,0.3,0.02,0.33333333333333337,0.24814097192111564,eig,32.23973831513488,EFFECT,0.4569417931578556,105.79341349908132,4.887554813222867e-08,EFFECT,0.11511529349436635,1.7736033152629427,0.00030101137794340884,EFFECT,3.7987936620018434,14346.548864986162,5.257063033226039e-07,EFFECT,18.78550739114238,10.86064630878217,2.7217478663077443e-06,0.9275851442768225,0.007544353564479467,0.008133327286479244,22.686188220977783
0.1,0.5,0.02,0.2,0.37834515471879393,eig,21.14471376261187,EFFECT,0.3524171888360822,62.99702505773172,6.307772085242957e-08,EFFECT,0.08530506051885198,1.621620348113661,0.00036759041093245874,EFFECT,3.7236468807066463,14160.196025594198,6.050954376307649e-07,EFFECT,13.6454381331737,9.505771811235501,2.1084150878536434e-06,0.9154601738370011,0.0049004032221013905,0.0053529398243095105,17.552409648895264
0.1,0.7,0.02,0.14285714285714288,0.4864909644269644,eig,16.444293080392903,EFFECT,0.28288356346803645,44.60725932123394,5.1773046326521154e-08,EFFECT,0.06449020850108327,1.5006641596544656,0.0003518624289964352,EFFECT,3.4376339373642257,13810.797808164365,5.600337185662774e-07,EFFECT,11.174171474956848,8.502737034925289,1.5331105691629432e-06,0.9093556782006821,0.00369695313049645,0.004065464393219068,18.371083736419678
0.1,1.0,0.02,0.1,0.624396276905167,eig,12.812376203862337,EFFECT,0.22257743353501985,30.812654331061985,6.011469413306921e-08,EFFECT,0.042390863135627684,1.362132421775691,0.0004039960865311916,EFFECT,3.0492731967358804,13290.036264457864,6.232820442542142e-07,EFFECT,9.335130505830346,7.421522070567981,1.3038784181240715e-06,0.9041321460371218,0.002746458414209285,0.0030376736699908482,19.32033061981201
0.3,0.05,0.02,5.999999999999999,0.001250146477739516,eig,6399.250121846043,EFFECT,0.43035736100052313,1660.1081509230485,9.13765407978979e-08,EFFECT,0.02327854330578653,1.4974904842663237,0.0003688062405870454,EFFECT,1.5770600523683689,10006.54468561884,2.330049933628453e-06,EFFECT,1351.2851576440557,8.862330731759185,8.128633512149985e-05,1.1217009813415297,0.11430799598650682,0.10190594274937423,31.462770223617554
0.3,0.1,0.02,2.9999999999999996,0.024218623805467545,eig,330.3243018372471,EFFECT,0.3319138971959276,902.0416130213667,7.206178472209261e-08,EFFECT,0.02842679864197641,1.6239232048765793,0.000332010296333485,EFFECT,0.6951562042821952,10673.036243506578,2.184396441853864e-06,EFFECT,96.68399457713394,9.913262890615336,3.295001601277825e-05,1.0478260133866075,0.0554946571964422,0.052961709756643355,21.183547019958496
0.3,0.15,0.02,2.0,0.06821938604518901,eig,117.2687188169759,EFFECT,0.2885924262998161,617.693607481404,7.146271499107577e-08,EFFECT,0.03402693966743432,1.724408582606547,0.0003289594211079026,EFFECT,1.3175080977936413,11411.335446707604,2.1453048091035765e-06,EFFECT,40.94815390283789,10.837914083130418,2.0019157768058626e-05,1.0155842403381516,0.03719482104111488,0.03662406284360064,22.058664321899414
0.3,0.2,0.02,1.4999999999999998,0.11949457070744648,eig,66.94864839998516,EFFECT,0.26642567098797054,469.0225717305801,6.750528274323292e-08,EFFECT,0.038360669916566024,1.7934088595174984,0.0003194744208070306,EFFECT,1.5152831726483864,12073.873641681721,2.0360106971345493e-06,EFFECT,25.86177772370198,11.428856476136337,1.3802717373612161e-05,0.9955130393175854,0.028352843619522505,0.02848063510946889,24.762055158615112
0.3,0.3,0.02,1.0,0.2246318879458185,eig,35.61382167579703,EFFECT,0.23632669221577876,316.04211519291823,5.3263943001939095e-08,EFFECT,0.044119104628984246,1.863620881429482,0.00028629593358047106,EFFECT,1.240856749269626,13019.215639792836,1.7397315197065222e-06,EFFECT,15.69379559885731,11.938635238729882,7.790356147507893e-06,0.9712560132163065,0.019596571070884305,0.020176524834055253,18.695018529891968
0.3,0.5,0.02,0.6,0.4192384647525891,eig,19.082218528591238,EFFECT,0.19743213345077246,190.69671678010945,6.469970842550147e-08,EFFECT,0.045009470663334154,1.871959944299533,0.0003255176682712944,EFFECT,0.752993564423555,13930.465002358642,1.8442390020134702e-06,EFFECT,9.71571628995219,11.856579560553296,5.149725947561912e-06,0.9473394111771559,0.012480793096822707,0.013174573916769893,21.46824550628662
0.3,0.7,0.02,0.4285714285714286,0.5907386319407067,eig,13.542368092159869,EFFECT,0.1716632503292681,136.2298348315365,5.987383734026243e-08,EFFECT,0.042390863135627684,1.8278330469730855,0.0003234417540838613,EFFECT,1.1686649021637725,14256.403236444348,1.7504355840081143e-06,EFFECT,7.493263854836379,11.38351414557578,3.6825393685546715e-06,0.9351511861122908,0.009348838596454079,0.009997141355634759,21.5651798248291
0.3,1.0,0.02,0.3,0.8159770238631272,eig,9.804197625718844,EFFECT,0.14630514835292877,95.11309361837102,5.554231972369259e-08,EFFECT,0.036857998862375806,1.746333187228352,0.00032529413168346573,EFFECT,1.291445483793339,14346.825580311377,1.6823711904701e-06,EFFECT,0.24596154192780895,10.607802142690359,2.6681620856061627e-06,0.92475399729291,0.0068989671591019874,0.007460326940243313,20.453712463378906
0.5,0.05,0.02,10.0,3.991099623963086e-05,eig,200446.01121873656,EFFECT,0.32534805991687027,2485.288648617399,8.73438800970029e-08,EFFECT,0.012783192847610205,1.435699088354031,0.0003414414941782174,EFFECT,1.1455466668437748,9435.054199961021,3.4990688579338014e-06,EFFECT,32390.991431216306,8.741928880672981,0.00012913621635413097,1.2162675058933192,0.1955759766098838,0.16080013291667933,31.82217311859131
0.5,0.1,0.02,5.0,0.005575728593153348,eig,1434.7900666871606,EFFECT,0.24109599253428432,1422.1134156204143,6.746559799660291e-08,EFFECT,0.014411282533771202,1.5256349823038844,0.00031977700542588797,EFFECT,0.768189699963585,10151.853917982007,3.413008628432024e-06,EFFECT,333.6890339954596,9.038076392287882,5.758716284509635e-05,1.0984152690676283,0.09428566391908055,0.0858379035454536,23.249476432800293
0.5,0.15,0.02,3.3333333333333335,0.028907669532133314,eig,276.7431664149656,EFFECT,0.20548128319466533,993.0774812989133,7.666908984015435e-08,EFFECT,0.0165746031893653,1.6009585640200883,0.00034273199960574435,EFFECT,0.4569417931578556,10533.387194963158,3.748081693941141e-06,EFFECT,77.6077722163128,9.692512045505591,3.8570135504345515e-05,1.0570857300792318,0.06177936212676399,0.058443095360045626,25.62226939201355
0.5,0.2,0.02,2.5,0.06715088043266376,eig,119.13470007324896,EFFECT,0.18594572262998266,762.0103831101942,6.911775699050051e-08,EFFECT,0.018685573494398415,1.6679997524575052,0.00032441960942757915,EFFECT,0.37418702873357906,10967.239516430373,3.556828403375456e-06,EFFECT,37.80293030957209,10.324003911656433,2.585027393309236e-05,1.032727859165361,0.04623941161110812,0.044774052719443715,22.68614649772644
0.5,0.3,0.02,1.6666666666666667,0.164331704254714,eig,48.68202417958258,EFFECT,0.16493882664482656,519.0636185557311,6.96232172251607e-08,EFFECT,0.021924220141434563,1.7691743729393252,0.0003243632414070646,EFFECT,0.8835049497653652,11824.142389112401,3.4791145566426263e-06,EFFECT,18.049638120445533,11.228326515332306,1.5870798842243516e-05,1.0025954309702867,0.031285134722616736,0.031204146514352025,25.08160972595215
0.5,0.5,0.02,1.0,0.3743864799082444,eig,21.368293005561153,EFFECT,0.14057405679516607,316.04211519291823,6.113791606842093e-08,EFFECT,0.026243339090126782,1.863620881429482,0.0003067255462723564,EFFECT,0.7380980350168305,13019.215639792768,3.1064598911834107e-06,EFFECT,9.335130505830346,11.938635238729884,8.339739850038441e-06,0.9712560132164872,0.019596571071026636,0.020176524834198042,18.70216965675354
0.5,0.7,0.02,0.7142857142857143,0.5740197948210768,eig,13.936801608895069,EFFECT,0.12469294618105553,226.7658878570929,5.218305110574081e-08,EFFECT,0.027313258978161913,1.8799120972632402,0.0002885192768800542,EFFECT,0.3817384834532612,13670.82122844233,2.7912506612992605e-06,EFFECT,6.780862668765219,11.977171816010129,5.469539773317322e-06,0.9547156929976494,0.014548606173143686,0.015238679200363271,21.419045209884644
0.5,1.0,0.02,0.5,0.8459101867454615,eig,9.457268780246098,EFFECT,0.11060597653496948,158.97580773289954,6.112730166034218e-08,EFFECT,0.026243339090126782,1.8524691692454889,0.00032164985354919944,EFFECT,0.6044242719151522,14136.410684310673,2.961969240489193e-06,EFFECT,5.024891852074804,11.636510112884734,4.2477674262464404e-06,0.9404200167643177,0.010657165624379461,0.01133234664766849,23.222212553024292
0.7,0.05,0.02,13.999999999999998,1.0524526502724903e-06,quad,7601292.084664066,EFFECT,0.2772876319257224,3139.2641512597584,9.369720441926596e-08,EFFECT,0.00892173799451416,1.401933384105134,0.0003317753344510622,EFFECT,0.8321034851819081,8889.578971807001,4.718970715252013e-06,EFFECT,1006712.0683448674,8.979742798762551,0.00017588257956524522,nan,nan,nan,38.6611213684082
0.7,0.1,0.02,6.999999999999999,0.001087994376188483,eig,7352.979183611229,EFFECT,0.19743213345077246,1884.6776498546997,9.351605863615946e-08,EFFECT,0.009664031266582976,1.4760622781307047,0.0003687731896494552,EFFECT,0.7380980350168305,9866.566254632087,5.380587657213831e-06,EFFECT,1434.757991744261,8.770121835157807,9.603200972307935e-05,1.1448959256658238,0.13450564463599513,0.11748285728047486,28.13223123550415
0.7,0.15,0.02,4.666666666666667,0.010835962875807329,eig,738.282337406399,EFFECT,0.16493882664482656,1339.6466712232786,8.428607947892795e-08,EFFECT,0.010468083727511344,1.5371367779322358,0.000358204700492277,EFFECT,0.49495958957786895,10206.215887946259,5.379780694661496e-06,EFFECT,176.06419472588962,9.124188052942626,5.964722300821901e-05,1.0905291118834264,0.0876754183477143,0.08039713694235288,22.975073099136353
0.7,0.2,0.02,3.4999999999999996,0.034284882243201906,eig,233.33899598229655,EFFECT,0.14925772719240035,1037.9165082026793,6.515306412527727e-08,EFFECT,0.011567866399371483,1.5908451565654012,0.0003159968387365888,EFFECT,0.34544576059583987,10475.846135196145,4.8288563475884505e-06,EFFECT,63.5525621142349,9.596177465665631,3.76889756683596e-05,1.0615327116087276,0.06495548768589549,0.06119028361119177,26.26608109474182
0.7,0.3,0.02,2.3333333333333335,0.11176690801979026,eig,71.5775370522325,EFFECT,0.12977657759543593,714.3860543735204,8.010354564179615e-08,EFFECT,0.013572848036082698,1.685386793614586,0.0003489185995672363,EFFECT,0.26115530533757386,11095.514864118753,5.346456453947379e-06,EFFECT,23.403041253027368,10.483947457079532,2.5568659783870018e-05,1.027278772826638,0.04320284952792386,0.04205562372232012,26.499977111816406
0.7,0.5,0.02,1.4,0.3139773613292609,eig,25.479544022317526,EFFECT,0.11060597653496948,438.76711734134324,5.9863682986903e-08,EFFECT,0.016909094649170304,1.8082984882514275,0.0003010259284385731,EFFECT,0.6417613259709186,12239.026812942124,4.444669646302968e-06,EFFECT,10.11181825126997,11.54710043293166,1.2002517935316703e-05,0.9910472575725011,0.026599109863512105,0.02683939606337715,20.176116466522217
0.7,0.7,0.02,1.0,0.5241410718718935,eig,15.26306643253345,EFFECT,0.10009042144488495,316.04211519291823,6.430383941633508e-08,EFFECT,0.018685573494398415,1.8636208814294828,0.00031456593380857636,EFFECT,0.5255346902318067,13019.21563979274,4.460212252865858e-06,EFFECT,6.780862668765219,11.938635238729884,8.550349173019889e-06,0.9712560132151884,0.019596571069811608,0.020176524832974038,23.525559663772583
0.7,1.0,0.02,0.7,0.8227769738558721,eig,9.723169527349194,EFFECT,0.0887828794231353,222.26817046336063,5.176933262661612e-08,EFFECT,0.019447369340282995,1.8795507236512845,0.00028777430286085616,EFFECT,0.2772876319257224,13703.905226838959,3.886722826584865e-06,EFFECT,4.732548497757753,11.967960712609854,5.3423308448152795e-06,0.9538209984892847,0.014278841378516094,0.014970147859117933,19.485222101211548
1.0,0.05,0.02,20.0,3.906366308651421e-09,quad,2047939022.585367,EFFECT,0.24109599253428432,3874.1582896773048,1.1762320710611793e-07,EFFECT,0.006226723619963076,1.3662238028548181,0.0003364786788026873,EFFECT,0.5924677029060366,8202.516106324396,6.800284173911347e-06,EFFECT,217308239.7451406,9.690059087248315,0.00025073734000180536,nan,nan,nan,44.07581949234009
1.0,0.1,0.02,10.0,7.982199247926172e-05,eig,100223.00560936828,EFFECT,0.16493882664482656,2485.288648617399,9.63095348489094e-08,EFFECT,0.006352384901240694,1.435699088354031,0.00035853581599377564,EFFECT,0.5692594515997943,9435.054199961021,7.348500609731523e-06,EFFECT,16096.138684346113,8.741928880672981,0.00013559296628529172,1.2162675058933192,0.1955759766098838,0.16080013291667933,32.16313910484314
1.0,0.15,0.02,6.666666666666667,0.0021597450905333285,eig,3704.1408428549666,EFFECT,0.1350674645856029,1811.262764903329,8.355848639491469e-08,EFFECT,0.006744790285109778,1.482616100264277,0.0003500261334181606,EFFECT,0.5049483509238186,9913.41654039162,7.318340120271438e-06,EFFECT,742.0455195743908,8.793926334624967,8.650585466718486e-05,1.1371503041379616,0.1277598656440756,0.11235090487086172,28.05132794380188
1.0,0.2,0.02,5.0,0.011151457186306696,eig,717.3950333435803,EFFECT,0.11980845168980957,1422.1134156204143,7.442436708444642e-08,EFFECT,0.007305960368027546,1.5256349823038844,0.00033586214238982734,EFFECT,0.3817384834532612,10151.853917982007,7.169373466592299e-06,EFFECT,165.8209499404234,9.038076392287882,6.047744529413812e-05,1.0984152690676283,0.09428566391908055,0.0858379035454536,25.275382041931152
1.0,0.3,0.02,3.3333333333333335,0.05781533906426663,eig,138.3715832074828,EFFECT,0.10211034257355961,993.0774812989133,8.447309290473952e-08,EFFECT,0.00823646019420441,1.6009585640200883,0.0003597503235999726,EFFECT,0.23165173699728503,10533.387194963158,7.86838464977846e-06,EFFECT,38.56582986135555,9.692512045505591,4.047845060584088e-05,1.0570857300792318,0.06177936212676399,0.058443095360045626,27.100303888320923
1.0,0.5,0.02,2.0,0.22739795348695135,eig,35.1806156446305,EFFECT,0.08702659882029457,617.6936074814039,6.584446089546795e-08,EFFECT,0.010261006726641396,1.7244085826065396,0.00031576531151992175,EFFECT,0.38944233380401694,11411.335446707626,6.864198611566952e-06,EFFECT,12.103868391847248,10.837914083130416,1.922069933757431e-05,1.0155842403390296,0.037194821042030146,0.0366240628444702,21.54047131538391
1.0,0.7,0.02,1.4285714285714286,0.4334476988618422,eig,18.456667369573307,EFFECT,0.0787527873783951,447.4291222261908,5.7426198168815755e-08,EFFECT,0.011801317087424015,1.8040312564748606,0.000294774002021155,EFFECT,0.44790268546992357,12190.632840373544,6.230933398188032e-06,EFFECT,7.199736376808425,11.513643605558947,1.2035456042558401e-05,0.9923407243919502,0.027099854858040562,0.027309022185546004,22.533328771591187
1.0,1.0,0.02,1.0,0.7487729598164888,eig,10.684146502780576,EFFECT,0.06985582761185566,316.04211519291823,6.738590061997919e-08,EFFECT,0.013041169994194897,1.863620881429482,0.00032201527446636526,EFFECT,0.36678495499290537,13019.215639792768,6.5226228876946735e-06,EFFECT,4.732548497757753,11.938635238729884,8.75033555169935e-06,0.9712560132164872,0.019596571071026636,0.020176524834198042,18.20740294456482
1.5,0.05,0.02,30.0,2.930773091122051e-13,quad,27296551972016.32,EFFECT,0.20141650410362386,4649.266636768555,1.8408392885366874e-07,EFFECT,0.0040929653491940735,1.3264059099156444,0.0003548116786440183,EFFECT,0.3973016552764944,7362.099678466533,1.0715927178731044e-05,EFFECT,2262699513596.14,11.754617371904741,0.0003764445698268837,nan,nan,nan,56.35815453529358
1.5,0.1,0.02,15.0,8.359053670474947e-07,quad,9570461.340925274,EFFECT,0.1350674645856029,3280.285305256347,1.1460031363818373e-07,EFFECT,0.0041755653329729695,1.3950531080748434,0.00036095226364506823,EFFECT,0.38944233380401694,8763.979224519258,1.0987487715746758e-05,EFFECT,1205036.5306160685,9.071058480167443,0.00020468376054749715,nan,nan,nan,36.377408027648926
1.5,0.15,0.02,10.0,0.00011973298873244571,eig,66815.33706534904,EFFECT,0.10841799691087087,2485.288648617399,8.774704919216064e-08,EFFECT,0.004259832263998712,1.435699088354031,0.00034222852980744236,EFFECT,0.3817384834532612,9435.05419996102,1.0521403104382654e-05,EFFECT,10793.875364822974,8.741928880672983,0.0001294335086334808,1.2162675063090767,0.19557597702566104,0.1608001332035598,28.399927377700806
1.5,0.2,0.02,7.5,0.0014227398169708218,eig,5622.953617080127,EFFECT,0.09426725740442445,1992.1750545846116,8.327626917077712e-08,EFFECT,0.004433502209095775,1.4671802026490772,0.0003457432993610579,EFFECT,0.3524171888360822,9795.625936374296,1.0766168517528651e-05,EFFECT,1063.2133541981586,8.744733116673581,9.691051598359479e-05,1.1565641852668613,0.14464296184027486,0.12506263265181472,23.882543563842773
1.5,0.3,0.02,5.0,0.01672718577878703,eig,478.26335558162964,EFFECT,0.08034209449561247,1422.1134156204148,6.777845258556641e-08,EFFECT,0.004802371914027437,1.5256349823038842,0.00032051750012170456,EFFECT,0.2559891967356286,10151.853917982009,1.0262735990140825e-05,EFFECT,111.19751771734876,9.038076392287884,5.772023329830844e-05,1.0984152690718862,0.09428566392331911,0.08583790354897966,24.390161991119385
1.5,0.5,0.02,3.0,0.12109311903111228,eig,66.06486036539015,EFFECT,0.06579168303644331,902.0416130213669,8.298161822664626e-08,EFFECT,0.005748449603392675,1.6239232048765793,0.0003562757782120425,EFFECT,0.14057405679516607,10673.036243506604,1.1720232052425672e-05,EFFECT,19.55137746185209,9.913262890615336,3.534860797516082e-05,1.0478260133818316,0.05549465719161473,0.05296170975227762,23.895962953567505
1.5,0.7,0.02,2.142857142857143,0.29270866971943754,eig,27.330929444857347,EFFECT,0.05953672205591828,659.3699035232257,7.460390797058143e-08,EFFECT,0.0066113665391698585,1.706975162182076,0.00033636304922865615,EFFECT,0.11743843101548164,11265.400735906089,1.1007819852915102e-05,EFFECT,9.335130505830346,10.680890744175974,2.224255114946505e-05,1.0207375178357534,0.039762078193926464,0.03895426346063295,23.671210050582886
1.5,1.0,0.02,1.5,0.597472853529865,eig,13.389729680162139,EFFECT,0.05281066398996007,469.0225717305802,5.664231708326714e-08,EFFECT,0.007757270895855958,1.7934088595174984,0.0002926459999819657,EFFECT,0.30035810807430685,12073.873641681705,9.325165774232147e-06,EFFECT,5.126299010470077,11.428856476136337,1.2651920625272872e-05,0.9955130393176158,0.028352843619570467,0.028480635109516195,19.999178886413574
2.0,0.05,0.02,40.0,2.004332649111975e-17,quad,3.991353433046367e+17,EFFECT,0.1751275800958082,5083.047075752055,2.5918309323981617e-07,EFFECT,0.003094261784140015,1.3009076685689211,0.0003528621619909624,EFFECT,0.2944164994832773,6797.745897181145,1.4184344129404211e-05,EFFECT,2.820151963741283e+16,15.167167524264686,0.0004645807055558837,nan,nan,nan,63.23312282562256
2.0,0.1,0.02,20.0,7.81273261730283e-09,quad,1023969511.2926853,EFFECT,0.11980845168980957,3874.1582896773048,1.2973766962393938e-07,EFFECT,0.003094261784140015,1.3662238028548181,0.000353380726120713,EFFECT,0.2944164994832773,8202.516106324396,1.428375407180188e-05,EFFECT,107987542.51214257,9.690059087248315,0.0002633219685909127,nan,nan,nan,40.39674377441406
2.0,0.15,0.02,13.333333333333334,5.827721620281134e-06,quad,1372749.1670431015,EFFECT,0.09426725740442445,3040.5746971617796,1.0212101353976019e-07,EFFECT,0.0031567069678569873,1.4068018892674414,0.000350149831149265,EFFECT,0.2885924262998161,8975.843603798483,1.42433677709497e-05,EFFECT,187939.98535728198,8.925300649541859,0.0001768990237231982,nan,nan,nan,33.52048707008362
2.0,0.2,0.02,10.0,0.00015964398495852344,eig,50111.50280468414,EFFECT,0.08196347536154307,2485.288648617399,1.0613179386674359e-07,EFFECT,0.0032204123555390637,1.435699088354031,0.00037637311965531587,EFFECT,0.28288356346803645,9435.054199961021,1.542818305744209e-05,EFFECT,8160.116979910066,8.741928880672981,0.00014232948794767886,1.2162675058933192,0.1955759766098838,0.16080013291667933,33.17631196975708
2.0,0.3,0.02,6.666666666666667,0.004319490181066657,eig,1852.0704214274833,EFFECT,0.06711942258172593,1811.262764903329,9.209230168004705e-08,EFFECT,0.003351705984563642,1.482616100264277,0.0003674637675954439,EFFECT,0.25092528279540993,9913.41654039162,1.5365851753934567e-05,EFFECT,376.1882500449616,8.793926334624967,9.080738359079632e-05,1.1371503041379616,0.1277598656440756,0.11235090487086172,25.695616006851196
2.0,0.5,0.02,4.0,0.05971237932066743,eig,133.97556906983053,EFFECT,0.054963712407661486,1169.7868864989227,7.175144212107601e-08,EFFECT,0.0038548405786494513,1.5647034294230433,0.00033143530728228527,EFFECT,0.14057405679516607,10338.37173956086,1.4370621181925003e-05,EFFECT,34.89929102496912,9.35533724371963,4.622824142841431e-05,1.074325477785896,0.07460001635431601,0.06943893437960816,24.634303331375122
2.0,0.7,0.02,2.857142857142857,0.18650356765198314,eig,42.89462180652786,EFFECT,0.04875428218697621,862.4631396270223,6.778623879913483e-08,EFFECT,0.004345799782872624,1.6351602622829782,0.0003218399538516718,EFFECT,0.10211034257355961,10745.197737757751,1.4124621083966282e-05,EFFECT,12.851559722968581,10.020372755422375,3.0126519670159446e-05,1.0436791967576913,0.05282488882986319,0.05061410536299828,21.564575910568237
2.0,1.0,0.02,2.0,0.4547959069739027,eig,17.59030782231525,EFFECT,0.04324635159170897,617.6936074814039,7.257972001100822e-08,EFFECT,0.00509902846486679,1.7244085826065396,0.0003315200510389351,EFFECT,0.19743213345077246,11411.335446707626,1.4413359481935117e-05,EFFECT,6.136191040834205,10.837914083130416,2.0174074118139984e-05,1.0155842403390296,0.037194821042030146,0.0366240628444702,21.996004581451416
3.0,0.05,0.02,60.0,8.389455708208043e-26,quad,9.535779528787536e+25,EFFECT,0.13779325614062402,5465.902478397819,4.604371357429285e-07,EFFECT,0.002074974420829482,1.27336988033909,0.0003252347867152764,EFFECT,0.19743213345077246,6165.502885392138,1.957734050095361e-05,EFFECT,5.68025149577739e+24,28.502505288418416,0.0005395079840166961,nan,nan,nan,82.3731541633606
3.0,0.1,0.02,30.0,5.861546182244092e-13,quad,13648275986008.186,EFFECT,0.10211034257355961,4649.266636768555,2.0291815899154292e-07,EFFECT,0.002033927798435932,1.3264059099156444,0.0003725211194029561,EFFECT,0.19743213345077246,7362.099678466533,2.2501566245791e-05,EFFECT,1147100747789.0767,11.754617371904741,0.0003952201462529281,nan,nan,nan,51.489301443099976
3.0,0.15,0.02,20.0,1.1719098925954237e-08,quad,682646340.8617907,EFFECT,0.08034209449561247,3874.1582896773048,1.1816789007345486e-07,EFFECT,0.002074974420829482,1.3662238028548197,0.00033725680548876333,EFFECT,0.19743213345077246,8202.516106324394,2.0448030673490825e-05,EFFECT,72415136.18189484,9.690059087248317,0.0002513167256650295,nan,nan,nan,40.61544466018677
3.0,0.2,0.02,15.0,1.6718107340949897e-06,quad,4785230.670462636,EFFECT,0.06711942258172593,3280.285305256347,9.193081004922421e-08,EFFECT,0.002074974420829482,1.3950531080748434,0.000323289369541502,EFFECT,0.19352658061659955,8763.979224519258,1.9682037226992355e-05,EFFECT,610906.7054979567,9.071058480167443,0.0001833455433178921,nan,nan,nan,34.3137629032135
3.0,0.3,0.02,10.0,0.00023946597746489143,eig,33407.66853267452,EFFECT,0.054963712407661486,2485.288648617399,9.675135229642554e-08,EFFECT,0.0021168494036059395,1.435699088354031,0.0003593571780064893,EFFECT,0.18969828644682904,9435.05419996102,2.209600551861257e-05,EFFECT,5363.828247822592,8.741928880672983,0.0001359031858767512,1.2162675063090767,0.19557597702566104,0.1608001332035598,26.329710960388184
3.0,0.5,0.02,6.0,0.012501464783736213,eig,639.9250118600185,EFFECT,0.04324635159170897,1660.108150923049,8.4603379944202e-08,EFFECT,0.002292972382250432,1.4974904842663215,0.0003548759970825401,EFFECT,0.15534284502811627,10006.54468561883,2.242041222055846e-05,EFFECT,135.7898303221115,8.862330731759185,7.82221191627519e-05,1.1217009813069652,0.11430799595190977,0.10190594272167103,25.403482675552368
3.0,0.7,0.02,4.285714285714286,0.06757552410273791,eig,118.38605924590779,EFFECT,0.03760182878723805,1243.4023862698111,6.835734922243408e-08,EFFECT,0.0025338733301885335,1.552034080236507,0.00032320049320486225,EFFECT,0.10211034257355961,10276.61920684902,2.092779850548787e-05,EFFECT,29.743966405310413,9.245368920717985,4.8831350499045634e-05,1.0813600841291546,0.08017736552852006,0.07414492795255045,27.694225549697876
3.0,1.0,0.02,3.0,0.24218623806222456,eig,33.03243018269507,EFFECT,0.03269403027319954,902.0416130213669,6.668469572491777e-08,EFFECT,0.0028565918469235442,1.6239232048765793,0.0003193847806806284,EFFECT,0.06985582761185566,10673.036243506604,2.1013293491134455e-05,EFFECT,9.71571628995219,9.913262890615336,3.1701492559377265e-05,1.0478260133818316,0.05549465719161473,0.05296170975227762,23.3814959526062
5.0,0.05,0.02,100.0,1.23100059424275e-42,quad,6.498778341306326e+42,EFFECT,0.09426725740442445,5633.3607713988995,2.074051872076762e-06,EFFECT,0.001259164191311974,1.2567139727731764,0.00031835724506910657,EFFECT,0.11980845168980957,5753.7019707708805,3.1896881568307944e-05,EFFECT,3.4363862977082167e+41,125.95611096395795,0.000612179511798483,nan,nan,nan,118.06722712516785
5.0,0.1,0.02,50.0,2.6253663868565658e-21,quad,3.0471937326731195e+21,EFFECT,0.07719491953505643,5327.280171640311,3.119827108200501e-07,EFFECT,0.0012342557218034192,1.2842873113013438,0.0003226885505918679,EFFECT,0.11743843101548164,6419.258248440127,3.239525601506782e-05,EFFECT,1.9301971894329567e+20,20.46508816878612,0.0004883415657016554,nan,nan,nan,67.66783499717712
5.0,0.15,0.02,33.333333333333336,3.6201266292696236e-14,quad,220986744919860.3,EFFECT,0.06449020850108327,4822.436578642054,1.8572421696454666e-07,EFFECT,0.0012342557218034192,1.3166632972774501,0.0003362309773331097,EFFECT,0.11743843101548164,7148.472386552227,3.3825032997467086e-05,EFFECT,17366121906223.596,12.721403009234947,0.0003876851192056163,nan,nan,nan,55.952335834503174
5.0,0.2,0.02,25.0,1.3768655124584498e-10,quad,58102987747.26133,EFFECT,0.054963712407661486,4317.752368613657,1.5949802024911142e-07,EFFECT,0.0012342557218034192,1.3440100769184182,0.0003599810819332547,EFFECT,0.11743843101548164,7740.758135194721,3.6293213449105355e-05,EFFECT,5421355157.2829075,10.57701668697896,0.0003276812808559182,nan,nan,nan,47.86219644546509
5.0,0.3,0.02,16.666666666666668,5.330019622978997e-07,quad,15009325.604562646,EFFECT,0.04324635159170897,3497.781682524055,1.0399996966575363e-07,EFFECT,0.0012342557218034192,1.384514382249917,0.00033451409417592195,EFFECT,0.11743843101548164,8564.733236182847,3.388475710536243e-05,EFFECT,1796985.277383518,9.247826942454079,0.00021000162694229108,nan,nan,nan,37.78316259384155
5.0,0.5,0.02,10.0,0.00039910996211368075,eig,20044.601136068148,EFFECT,0.03269403027319954,2485.288648617399,1.1088821149090252e-07,EFFECT,0.0012845753377312358,1.435699088354031,0.0003847136852157237,EFFECT,0.11283811169571215,9435.054199961016,3.94251930273537e-05,EFFECT,3254.9511888951056,8.741928880672983,0.0001454791238707509,1.2162675058532926,0.1955759765698532,0.1608001328890585,30.83859610557556
5.0,0.7,0.02,7.142857142857143,0.0067489512853179945,eig,1185.3693502579576,EFFECT,0.027864466857063012,1915.709665427626,8.434435074761083e-08,EFFECT,0.0013369464440450343,1.4734092747488605,0.0003495875446075534,EFFECT,0.10417102765653845,9846.381085028393,3.638872348432631e-05,EFFECT,228.2836688943729,8.761691331545176,9.303121279646831e-05,1.1482228952986142,0.13739992139081186,0.11966310892544844,22.362639665603638
5.0,1.0,0.02,5.0,0.055757285930356844,eig,143.47900667174386,EFFECT,0.023748326735502815,1422.1134156204143,8.574602498561709e-08,EFFECT,0.0014481810881402963,1.5256349823038842,0.000360501346908614,EFFECT,0.07719491953505643,10151.853917982018,3.8476631835981934e-05,EFFECT,33.5322097266226,9.038076392287884,6.490358707611499e-05,1.0984152690428393,0.09428566389428572,0.08583790352481753,20.629794597625732
0.1,0.05,0.05,2.0,0.02280083235780234,eig,350.86438400405314,EFFECT,0.848896135134814,574.1523871659298,7.518536800157084e-08,EFFECT,0.09811045788821751,1.6767710172191523,0.00031973269167874144,EFFECT,1.5152831726483864,4347.010383162485,1.737579512765819e-06,EFFECT,85.76128773136885,10.933867355973705,4.869800374196487e-05,1.0698169756601204,0.09311215894020469,0.08703559679706029,25.610854864120483
0.1,0.1,0.05,1.0,0.07492204407151529,eig,106.77765268074862,EFFECT,0.6951562042821952,305.0639140915582,7.559444763147488e-08,EFFECT,0.12469294618105553,1.825679842459515,0.0003310314785229076,EFFECT,1.485308221833265,5083.8232044388715,1.6762864628455665e-06,EFFECT,35.6035923387159,11.96531625839794,2.2633253306425516e-05,0.9956386401759182,0.04900815793779345,0.049222836439066144,23.49093985557556
0.1,0.15,0.05,0.6666666666666667,0.12434363812059467,eig,64.33783119841806,EFFECT,0.6044242719151522,206.81591756612693,6.390329839230337e-08,EFFECT,0.12977657759543593,1.8497829991781094,0.00031405875080190896,EFFECT,1.6744796616734254,5423.745407081286,1.5046320016587345e-06,EFFECT,24.35716447610994,11.951050222144591,1.3983343210011157e-05,0.9675398356885854,0.03423218139945072,0.03538064288080514,21.879655838012695
0.1,0.2,0.05,0.5,0.16920714469992099,eig,47.27932744322076,EFFECT,0.5469603180835205,156.1476448949203,5.4218749222178185e-08,EFFECT,0.12720936996019305,1.8306497813854927,0.00029785459710190943,EFFECT,2.128170705025235,5585.266387978582,1.3714130899372678e-06,EFFECT,19.55137746185209,11.641016881757428,9.983608180719195e-06,0.9522592707232392,0.026668869584478005,0.028005891257139502,20.68368911743164
0.1,0.3,0.05,0.33333333333333337,0.24815804619926463,eig,32.23752009062887,EFFECT,0.4569417931578556,104.49453702944815,4.965107295167452e-08,EFFECT,0.11283811169571215,1.7589235953207512,0.0002997280882125,EFFECT,2.8150588284045646,5689.990545199521,1.3086569863457465e-06,EFFECT,15.079035417972236,10.860966499031964,6.910582371011387e-06,0.9355910332223794,0.018861788710405114,0.0201602923078912,18.40161919593811
0.1,0.5,0.05,0.2,0.3783554429166872,eig,21.144138797975682,EFFECT,0.34544576059583987,62.50346801291329,6.373394194716248e-08,EFFECT,0.08361757725533468,1.6129642817303396,0.00036655015316748796,EFFECT,2.9298265192138513,5633.4047746141505,1.508454371468293e-06,EFFECT,11.174171474956848,9.504492435903344,5.458377978939666e-06,0.9204757316994097,0.012251250975210404,0.013309694708182888,22.030775785446167
0.1,0.7,0.05,0.14285714285714288,0.48649828839002596,eig,16.444045520641986,EFFECT,0.28288356346803645,44.344956504713984,5.2181694123260816e-08,EFFECT,0.06321447940782192,1.4946300070220448,0.0003511044824751675,EFFECT,2.7593720423000114,5501.851203893507,1.3970665017348782e-06,EFFECT,9.335130505830346,8.50135835613538,4.009946019234434e-06,0.9130864962748328,0.009242486138916983,0.01012224600475863,19.271016359329224
0.1,1.0,0.05,0.1,0.6244013731222033,eig,12.812271632263528,EFFECT,0.22257743353501985,30.678149678209156,6.047006036451709e-08,EFFECT,0.041552297737135105,1.3580556508830308,0.0004033487023559198,EFFECT,2.5474249525573764,5299.956885744637,1.5557069362737153e-06,EFFECT,7.798758212739961,7.420330486261534,3.4990135500123642e-06,0.9068810243954131,0.006866188115843275,0.00757121158249036,21.027885913848877
0.3,0.05,0.05,5.999999999999999,0.0012902675765751597,eig,6200.264305823227,EFFECT,0.40531958542770585,1323.6752318512615,1.0345874908932999e-07,EFFECT,0.021924220141434563,1.420629906503998,0.0003369673530271383,EFFECT,0.8321034851819081,3484.9729355305476,5.322752053522201e-06,EFFECT,803.7840952966961,9.576437530071212,0.0001816721144951572,1.3333472039230794,0.28902629844166566,0.2167674688117766,28.210084915161133
0.3,0.1,0.05,2.9999999999999996,0.02438142852100557,eig,328.11859211234,EFFECT,0.31891210638037154,805.9409469929436,7.531810615219439e-08,EFFECT,0.027313258978161913,1.5682544025760654,0.00031402616864521733,EFFECT,0.5692594515997943,3965.7679022331204,5.165221859677882e-06,EFFECT,64.83511404220974,10.106887698376598,7.766425627464546e-05,1.1368211910438109,0.1391092813697185,0.12236689680458068,25.102225303649902
0.3,0.15,0.05,2.0,0.06840249707321039,eig,116.95479466835391,EFFECT,0.28288356346803645,574.1523871659298,7.553049540603686e-08,EFFECT,0.03269403027319954,1.6767710172191523,0.000320465607754248,EFFECT,0.5049483509238186,4347.010383162481,5.224687583210708e-06,EFFECT,28.578830409216543,10.933867355973701,4.880935342976844e-05,1.0698169756605271,0.09311215894063019,0.08703559679742491,28.159555673599243
0.3,0.2,0.05,1.4999999999999998,0.11966434902154381,eig,66.8536624768645,EFFECT,0.26115530533757386,444.443429426459,7.094059548171128e-08,EFFECT,0.036857998862375806,1.7495287240224537,0.00031404421284040354,EFFECT,0.4851684233979275,4657.3426974606555,5.003409136880577e-06,EFFECT,18.78550739114238,11.486772681190306,3.40321263236909e-05,1.034087119513576,0.07092354430411146,0.0685856568230665,25.415618181228638
0.3,0.3,0.05,1.0,0.2247661322142559,eig,35.59255089362879,EFFECT,0.23165173699728503,305.0639140915582,7.593829226926778e-08,EFFECT,0.041552297737135105,1.825679842459515,0.000331783389456441,EFFECT,0.49495958957786895,5083.823204438859,5.040282031285037e-06,EFFECT,11.864432709944833,11.965316258397943,2.2684387579130494e-05,0.9956386401759757,0.04900815793784896,0.04922283643911905,23.031309604644775
0.3,0.5,0.05,0.6,0.41932730030952403,eig,19.078175911978175,EFFECT,0.19352658061659955,186.66939825985,6.637465829531101e-08,EFFECT,0.04324635159170897,1.846163953331859,0.0003233000398267593,EFFECT,0.6044242719151522,5491.21437470553,4.579145035488175e-06,EFFECT,7.493263854836379,11.86452370700873,1.2942721217434894e-05,0.9615551818586879,0.03122898769357585,0.03247758244431709,22.278541326522827
0.3,0.7,0.05,0.4285714285714286,0.5908038468563566,eig,13.540873240023194,EFFECT,0.1716632503292681,134.128523889871,6.104603147791561e-08,EFFECT,0.040730320628560086,1.8090062926840336,0.0003217610116779393,EFFECT,0.8156430232090974,5641.916193403767,4.353322473005239e-06,EFFECT,5.895823062900092,11.385967486584418,9.314169581831067e-06,0.9453297474012333,0.023357893717793732,0.02470872601016306,21.116207599639893
0.3,1.0,0.05,0.3,0.8160232289789922,eig,9.803642489454125,EFFECT,0.14341097668585137,94.05029284503817,5.635016917412723e-08,EFFECT,0.036128883194106,1.7331397790881167,0.0003240199731939029,EFFECT,0.9763264689227796,5694.454249153082,4.189437710688804e-06,EFFECT,4.732548497757753,10.607559036334093,6.802367157443534e-06,0.9320085958974156,0.017232815182035788,0.01848997451084944,21.06454610824585
0.5,0.05,0.05,10.0,4.375220048742606e-05,eig,182847.94618042395,EFFECT,0.2885924262998161,1738.7225883665312,1.6558871449890175e-07,EFFECT,0.012282447320641711,1.3491212663265044,0.00036459349274739716,EFFECT,0.6166221360054489,3098.131917715586,9.341506148423037e-06,EFFECT,17090.44422115438,10.817729419171894,0.00032380520818875436,1.6314412672697776,0.5052021331007736,0.3096661481085562,31.61540150642395
0.5,0.1,0.05,5.0,0.005695127641325031,eig,1404.7095172986706,EFFECT,0.22706926056775079,1176.0638504138049,1.1739166735555805e-07,EFFECT,0.013846761185099364,1.452818021280831,0.0003714098529367961,EFFECT,0.44790268546992357,3605.3480587247036,9.91101638669889e-06,EFFECT,202.49371675271146,9.536160626368442,0.0001647567054466892,1.2665170031911408,0.23754623319692492,0.1875586609563068,28.944080591201782
0.5,0.15,0.05,3.3333333333333335,0.029154795089271608,eig,274.3974010279991,EFFECT,0.19743213345077246,875.6506319435001,7.927503474692706e-08,EFFECT,0.01592533985529114,1.5416040440127439,0.0003198210030815417,EFFECT,0.359529307214264,3882.4836525435117,8.744000146040931e-06,EFFECT,51.013332515856625,9.92603893259281,8.955635961149788e-05,1.1584771738196544,0.1549728434854219,0.1337728934049306,28.41997718811035
0.5,0.2,0.05,2.5,0.06744898317826885,eig,118.60816313354731,EFFECT,0.1822673910872557,694.4733670348405,7.292929475588347e-08,EFFECT,0.01795361885225983,1.6165582184072935,0.00031203927486544265,EFFECT,0.31891210638037154,4125.750342819703,8.552664700553492e-06,EFFECT,25.86177772370198,10.464915864195342,6.209407835333636e-05,1.1038403926507103,0.11581004168591125,0.10491556791812126,21.524890661239624
0.5,0.3,0.05,1.6666666666666667,0.16462588107810652,eig,48.59503224893546,EFFECT,0.16167604823784312,488.74729846888636,7.335965420836212e-08,EFFECT,0.02106540065095427,1.7240380146105385,0.0003180067625637237,EFFECT,0.2944164994832773,4542.100675854014,8.527165312272045e-06,EFFECT,12.851559722968581,11.298186607197652,3.899835063703172e-05,1.0462381751543526,0.07827406096345318,0.07481476285445743,23.646138906478882
0.5,0.5,0.05,1.0,0.3746102203584629,eig,21.355530536099188,EFFECT,0.13779325614062402,305.0639140915582,6.351053577825799e-08,EFFECT,0.02521533029617706,1.825679842459515,0.0003034253607807665,EFFECT,0.2944164994832773,5083.823204438851,7.682469159470129e-06,EFFECT,7.057313001645166,11.965316258397943,2.0755014462414678e-05,0.9956386401761048,0.04900815793803959,0.049222836439304134,16.866578578948975
0.5,0.7,0.05,0.7142857142857143,0.5741919270625884,eig,13.932623610585837,EFFECT,0.12469294618105553,221.10631513934175,5.373711687098992e-08,EFFECT,0.026243339090126782,1.8499475345325143,0.00028623399169659165,EFFECT,0.32534805991687027,5374.551067636312,6.922776775386552e-06,EFFECT,5.229752663014185,11.989736241162936,1.3686467818851966e-05,0.9717264692837588,0.03637825934172334,0.037436727815531326,20.373493909835815
0.5,1.0,0.05,0.5,0.8460357234985296,eig,9.455865488656169,EFFECT,0.10841799691087087,156.14764489492038,6.248780895989031e-08,EFFECT,0.025724199953198183,1.8306497813854827,0.0003197593609253016,EFFECT,0.4218441398668324,5585.266387978594,7.361346399503699e-06,EFFECT,3.9536674330398696,11.64101688175743,1.0710413008263586e-05,0.9522592707231209,0.026668869584439592,0.028005891257102646,15.696874856948853
0.7,0.05,0.05,13.999999999999998,1.2574646932821015e-06,quad,6362007.6513792565,EFFECT,0.23632669221577876,1970.1297882405563,2.0000573773653443e-07,EFFECT,0.0085722540708344,1.3121498983349331,0.0003381741439572503,EFFECT,0.4661633187469179,2824.618747028463,1.202560174715702e-05,EFFECT,490371.84130698274,13.415289650557947,0.00039835077463845625,nan,nan,nan,36.980207204818726
0.7,0.1,0.05,6.999999999999999,0.0011368881704274904,eig,7036.75190585531,EFFECT,0.1822673910872557,1451.152882801516,1.2572039680917872e-07,EFFECT,0.009101787262161034,1.3965912457734342,0.0003579951323611003,EFFECT,0.3817384834532612,3376.598971726185,1.3059589475644673e-05,EFFECT,820.005232679722,9.746864543269748,0.0002260855758997593,1.40282206901844,0.3415643421216834,0.24348372446170402,26.87222647666931
0.7,0.15,0.05,4.666666666666667,0.011034734885443383,eig,724.9834348583496,EFFECT,0.1584778132931216,1121.8176007167338,1.1011905014845488e-07,EFFECT,0.010058026070948418,1.466218253045683,0.0003635321689170477,EFFECT,0.3064196240506595,3650.0399328682174,1.3650444164625686e-05,EFFECT,108.99783637427971,9.560139919253881,0.00014948293236627386,1.2446993080411917,0.22066398706448187,0.1772829675721,24.5138680934906
0.7,0.2,0.05,3.4999999999999996,0.0346124701552535,eig,231.13057126856796,EFFECT,0.14341097668585137,909.1986098882799,9.187931985129476e-08,EFFECT,0.011114727858389736,1.529692934974311,0.0003429560452148328,EFFECT,0.26115530533757386,3846.0179127083898,1.3102425910682669e-05,EFFECT,41.77452709674145,9.85117585383331,0.0001016582661843568,1.1692509986621662,0.16299621443491763,0.13940224521630912,25.660136461257935
0.7,0.3,0.05,2.3333333333333335,0.11219129409824317,eig,71.3067806579947,EFFECT,0.12720936996019305,655.3799193874863,8.468642904994955e-08,EFFECT,0.013041169994194897,1.635214929569502,0.00033727207343154037,EFFECT,0.22257743353501985,4191.449271407598,1.2919834259356167e-05,EFFECT,16.010511512943946,10.60905775414166,6.177910369797868e-05,1.0926435338029565,0.10817715571413972,0.0990049841210592,25.972919940948486
0.7,0.5,0.05,1.4,0.31436131761291086,eig,25.448423682492667,EFFECT,0.10841799691087087,417.34390583328974,6.278335191130668e-08,EFFECT,0.016246728555534953,1.7652127304231768,0.00029631849371828626,EFFECT,0.20548128319466533,4732.763482352737,1.0937694084833804e-05,EFFECT,7.34503399288861,11.598203398485506,2.964187874454627e-05,1.026657975648933,0.06652961549881864,0.06480212210572504,25.191878080368042
0.7,0.7,0.05,1.0,0.5244543084989439,eig,15.253950383012459,EFFECT,0.09811045788821751,305.0639140915582,6.680132754681624e-08,EFFECT,0.01795361885225983,1.825679842459515,0.00031118608549388283,EFFECT,0.20962809344364242,5083.823204438853,1.1030549644353016e-05,EFFECT,5.024891852074804,11.96531625839794,2.128320125927008e-05,0.9956386401754834,0.04900815793744662,0.04922283643873929,17.880763053894043
0.7,1.0,0.05,0.7,0.8230138893598575,eig,9.720370583566242,EFFECT,0.0887828794231353,216.82799416270478,5.3286029259922076e-08,EFFECT,0.018685573494398415,1.850082158586638,0.00028553394921150733,EFFECT,0.23632669221577876,5389.3574153473655,9.641054537434801e-06,EFFECT,3.6499866341489144,11.97991114466787,1.3372355614715836e-05,0.9704776591412566,0.035725388698349625,0.03681217013275899,21.64016556739807
1.0,0.05,0.05,20.0,5.503546426665157e-09,quad,1453608160.955872,EFFECT,0.18969828644682904,2140.896717574401,3.29654569731739e-07,EFFECT,0.00598280928357344,1.2816094299242522,0.0003320184550716032,EFFECT,0.33861223939659446,2570.374902454921,1.6776100309236208e-05,EFFECT,92035618.55669647,20.532427885195446,0.0004977321747670072,nan,nan,nan,36.69407510757446
1.0,0.1,0.05,10.0,8.750440097485213e-05,eig,91423.97309021198,EFFECT,0.14630514835292877,1738.7225883665312,1.8244216660108365e-07,EFFECT,0.006103548138563429,1.3491212663265044,0.00038269770006438644,EFFECT,0.3064196240506595,3098.131917715586,1.9610733516257917e-05,EFFECT,8492.79840491911,10.817729419171894,0.0003398708961577235,1.6314412672697776,0.5052021331007736,0.3096661481085562,33.40862703323364
1.0,0.15,0.05,6.666666666666667,0.0022470394453082817,eig,3560.2401269384227,EFFECT,0.12469294618105553,1410.7140913599526,1.1826393160413601e-07,EFFECT,0.00648058214823256,1.4039225871802177,0.0003515980731827418,EFFECT,0.26115530533757386,3411.7337555372055,1.837980745662826e-05,EFFECT,432.65899161893174,9.677771614855926,0.0002113440416735557,1.379334608568446,0.3239430142433008,0.23485455395011642,25.60688543319702
1.0,0.2,0.05,5.0,0.011390255282650062,eig,702.3547586493353,EFFECT,0.11283811169571215,1176.0638504138049,9.433867341992933e-08,EFFECT,0.006880906650778944,1.452818021280831,0.00033295378776495774,EFFECT,0.22257743353501985,3605.3480587247036,1.7769644103479698e-05,EFFECT,100.62572349728018,9.536160626368442,0.00014771638064570158,1.2665170031911408,0.23754623319692492,0.1875586609563068,22.079883575439453
1.0,0.3,0.05,3.3333333333333335,0.058309590178543216,eig,137.19870051399954,EFFECT,0.09811045788821751,875.6506319435001,8.741663945492711e-08,EFFECT,0.007913820095641481,1.5416040440127439,0.00033584083008955597,EFFECT,0.17866182337446176,3882.4836525435117,1.8363973836643677e-05,EFFECT,25.350186537808533,9.92603893259281,9.403519450867925e-05,1.1584771738196544,0.1549728434854219,0.1337728934049306,24.824002265930176
1.0,0.5,0.05,2.0,0.2280083235834678,eig,35.08643839956752,EFFECT,0.08530506051885198,574.1523871659298,6.957717642557293e-08,EFFECT,0.009859060727561842,1.6767710172191523,0.00030757836626965233,EFFECT,0.15226989191727267,4347.010383162483,1.6715271271394716e-05,EFFECT,8.618100068198872,10.933867355973701,4.685124806236285e-05,1.0698169756600548,0.09311215894009245,0.0870355967969607,20.77158832550049
1.0,0.7,0.05,1.4285714285714286,0.4340014956273628,eig,18.433116200292694,EFFECT,0.07719491953505643,425.12628210911913,6.025701843787913e-08,EFFECT,0.01133903377414605,1.7607123716783855,0.00029003817556661637,EFFECT,0.14341097668585137,4710.719010219288,1.5326763912248964e-05,EFFECT,5.229752663014185,11.566665876996218,2.9703095532518375e-05,1.0287919996301464,0.06778411158035264,0.06588709049518388,23.53762698173523
1.0,1.0,0.05,1.0,0.7492204407169258,eig,10.677765268049594,EFFECT,0.06985582761185566,305.0639140915582,7.000504192842465e-08,EFFECT,0.012530318940089923,1.825679842459515,0.00031855984419508645,EFFECT,0.14630514835292877,5083.823204438851,1.6131322516321767e-05,EFFECT,3.507008701927033,11.965316258397943,2.178492839288726e-05,0.9956386401761048,0.04900815793803959,0.049222836439304134,22.511553049087524
1.5,0.05,0.05,30.0,5.721814440618028e-13,quad,13981578890796.57,EFFECT,0.14630514835292877,2236.306546430866,8.661179226965942e-07,EFFECT,0.004011999337530618,1.2600267968723955,0.0003359724198719095,EFFECT,0.23165173699728503,2374.1977214969997,2.5368377032874978e-05,EFFECT,769231847795.3967,48.60231108376004,0.0006027770202470251,nan,nan,nan,46.11803102493286
1.5,0.1,0.05,15.0,1.0239240218091262e-06,quad,7813079.710606997,EFFECT,0.11283811169571215,2009.786391717688,2.394341113537719e-07,EFFECT,0.004011999337530618,1.3054872285609114,0.0003541960592414879,EFFECT,0.21817446269551177,2771.141469798338,2.6955941994855764e-05,EFFECT,575364.7434582545,14.297408975329589,0.00043944389646199955,nan,nan,nan,36.15065574645996
1.5,0.15,0.05,10.0,0.00013125660173910294,eig,60949.315264930425,EFFECT,0.09811045788821751,1738.7225883665305,1.6634687429565248e-07,EFFECT,0.0040929653491940735,1.349121266326499,0.0003654271825628071,EFFECT,0.20548128319466533,3098.131917715584,2.8088600141577824e-05,EFFECT,5695.167597581385,10.817729419171885,0.0003245450529647531,1.6314412667983285,0.505202132629314,0.30966614790905916,25.510411500930786
1.5,0.2,0.05,7.5,0.0014969564846160442,eig,5344.176722713438,EFFECT,0.08702659882029457,1508.2359025127791,1.412357927154506e-07,EFFECT,0.004259832263998712,1.386618124228766,0.00037223827514401754,EFFECT,0.18594572262998266,3325.54165760001,2.898073062736206e-05,EFFECT,595.6363295614666,9.871168006915758,0.0002518114878340416,1.4387153843404779,0.36819674562863436,0.25592048965085584,29.071913480758667
1.5,0.3,0.05,5.0,0.017085382923003867,eig,468.2365057928406,EFFECT,0.07566786904178371,1176.0638504138049,1.1792587230135511e-07,EFFECT,0.004614252538574385,1.452818021280831,0.0003722538944724358,EFFECT,0.14925772719240035,3605.348058724704,2.980061850232918e-05,EFFECT,67.47838964515631,9.536160626368446,0.00016513066134871135,1.2665170031945834,0.23754623320036639,0.18755866095851426,23.996044874191284
1.5,0.5,0.05,3.0,0.12190714260189682,eig,65.62371842415347,EFFECT,0.06321447940782192,805.9409469929436,8.681360120228437e-08,EFFECT,0.005523270302711091,1.5682544025760663,0.00033713712750742345,EFFECT,0.11511529349436635,3965.767902233122,2.7726798539740027e-05,EFFECT,12.851559722968581,10.1068876983766,8.337004383385249e-05,1.1368211910447972,0.13910928137069467,0.12236689680533319,17.261067152023315
1.5,0.7,0.05,2.142857142857143,0.29362589325471916,eig,27.245553555660145,EFFECT,0.05720453888264784,609.4677284881654,7.888815216084698e-08,EFFECT,0.006352384901240694,1.6582544633449086,0.0003266462662413619,EFFECT,0.10211034257355961,4276.029475933585,2.6724144942091854e-05,EFFECT,6.386358628458049,10.788952049886513,5.403032196205082e-05,1.0796788996007447,0.09953960095887626,0.09219370777338066,21.61630940437317
1.5,1.0,0.05,1.5,0.5983217451049228,eig,13.370732495435387,EFFECT,0.05176597671025761,444.44342942645903,8.168131399039616e-08,EFFECT,0.007305960368027546,1.7495287240224537,0.00033697764665043163,EFFECT,0.09616966147291227,4657.342697460664,2.6843943729426556e-05,EFFECT,3.7236468807066463,11.486772681190303,3.6508494060671914e-05,1.0340871195129382,0.07092354430346737,0.06858565682248592,20.691805362701416
2.0,0.05,0.05,40.0,5.531125945625293e-17,quad,1.4463601224498243e+17,EFFECT,0.11980845168980957,2259.4937920944953,2.8567085663217387e-06,EFFECT,0.0030330518753500964,1.253000325707695,0.0003753856566945173,EFFECT,0.1751275800958082,2301.9946969626126,3.772577646721231e-05,EFFECT,7695795444907081.0,125.4414521927387,0.0007193442438813147,nan,nan,nan,59.47778272628784
2.0,0.1,0.05,20.0,1.1007092853330297e-08,quad,726804080.4779372,EFFECT,0.09426725740442445,2140.896717574401,3.6366382781401425e-07,EFFECT,0.002973052805589142,1.2816094299242522,0.0003487293195348381,EFFECT,0.16826745106331953,2570.374902454921,3.524092059624048e-05,EFFECT,46658483.03552525,20.532427885195446,0.0005227690137473706,nan,nan,nan,40.506202936172485
2.0,0.15,0.05,13.333333333333334,6.8529186166610625e-06,quad,1167385.8172706314,EFFECT,0.08196347536154307,1940.2985072880635,1.9680291412711616e-07,EFFECT,0.0030330518753500964,1.317062729118764,0.0003452789142190407,EFFECT,0.16167604823784312,2863.2848670921817,3.5115019992343344e-05,EFFECT,91546.0135750419,12.882890519740815,0.0003915240796800168,nan,nan,nan,34.60526514053345
2.0,0.2,0.05,10.0,0.00017500880194970425,eig,45711.98654510599,EFFECT,0.07270379368051788,1738.7225883665312,1.466163649140302e-07,EFFECT,0.003094261784140015,1.3491212663265044,0.0003430720874466072,EFFECT,0.15226989191727267,3098.131917715586,3.5160364273097156e-05,EFFECT,4305.518847096644,10.817729419171894,0.000304705476958822,1.6314412672697776,0.5052021331007736,0.3096661481085562,29.077157974243164
2.0,0.3,0.05,6.666666666666667,0.0044940788906165634,eig,1780.1200634692113,EFFECT,0.06196398646679547,1410.7140913599526,1.3033743222368884e-07,EFFECT,0.0032204123555390637,1.4039225871802177,0.0003691079773195386,EFFECT,0.1323955939539239,3411.7337555372055,3.859027721164754e-05,EFFECT,215.00234554154733,9.677771614855926,0.0002218587391561444,1.379334608568446,0.3239430142433008,0.23485455395011642,27.93546986579895
2.0,0.5,0.05,4.0,0.06048548936704699,eig,132.26312763137645,EFFECT,0.05176597671025761,1004.9025656042626,9.847913257388897e-08,EFFECT,0.0037038380709077164,1.4987273696255305,0.00035052356630114914,EFFECT,0.09811045788821751,3751.879141425117,3.7997450080262674e-05,EFFECT,22.041474918359814,9.681146551272645,0.00012119630564533246,1.2015022594652407,0.1874086376120867,0.15597859773938147,26.695496797561646
2.0,0.7,0.05,2.857142857142857,0.18762531867426827,eig,42.638168753166006,EFFECT,0.046844470685520834,774.9598217230474,7.108136911249539e-08,EFFECT,0.0041755653329729695,1.5809611861475494,0.00030596014570593303,EFFECT,0.08361757725533468,4006.5831089066414,3.3569336583716414e-05,EFFECT,8.618100068198872,10.198090974586297,7.141288547185543e-05,1.1274733128313545,0.132394814958473,0.1174261186067438,26.28713583946228
2.0,1.0,0.05,2.0,0.4560166471669356,eig,17.54321919978376,EFFECT,0.042390863135627684,574.1523871659298,7.671426954309643e-08,EFFECT,0.004899288405704309,1.6767710172191523,0.0003229668455454255,EFFECT,0.07566786904178371,4347.010383162483,3.51031088411391e-05,EFFECT,4.282614633388909,10.933867355973701,4.9189349094036494e-05,1.0698169756600548,0.09311215894009245,0.0870355967969607,17.965120792388916
3.0,0.05,0.05,60.0,4.54907799198963e-25,quad,1.7585981190225848e+25,EFFECT,0.0887828794231353,2265.6716872077377,1.844854051019658e-05,EFFECT,0.002074974420829482,1.2508122245717153,0.00036143267556422394,EFFECT,0.11743843101548164,2265.721599628063,5.4392605246159076e-05,EFFECT,9.037821424659779e+23,907.0703915756785,0.0007165206160334447,nan,nan,nan,72.00991129875183
3.0,0.1,0.05,30.0,1.1443628881236035e-12,quad,6990789445398.297,EFFECT,0.07270379368051788,2236.306546430866,9.552950008145146e-07,EFFECT,0.001993693150008425,1.2600267968723955,0.00035286398234072035,EFFECT,0.11511529349436635,2374.1977214969997,5.328762685045951e-05,EFFECT,389970662267.4275,48.60231108376004,0.0006330659665496619,nan,nan,nan,46.61235976219177
3.0,0.15,0.05,20.0,1.6510639279995382e-08,quad,484536053.65195996,EFFECT,0.06321447940782192,2140.896717574401,3.3118356871758117e-07,EFFECT,0.001993693150008425,1.281609429924251,0.0003327877483250655,EFFECT,0.11283811169571215,2570.3749024549215,5.0444912064941116e-05,EFFECT,30669669.310213715,20.532427885195474,0.0004988847841586042,nan,nan,nan,40.72330713272095
3.0,0.2,0.05,15.0,2.0478480436182527e-06,quad,3906539.8553034975,EFFECT,0.05720453888264784,2009.786391717688,2.639190808554682e-07,EFFECT,0.001993693150008425,1.3054872285609114,0.00037186749221096264,EFFECT,0.11060597653496948,2771.141469798338,5.6601638399121634e-05,EFFECT,285917.48185459984,14.297408975329589,0.0004613537292286196,nan,nan,nan,33.81465935707092
3.0,0.3,0.05,10.0,0.0002625132034782059,eig,30474.657632465212,EFFECT,0.04875428218697621,1738.7225883665305,1.8327234687380275e-07,EFFECT,0.002033927798435932,1.349121266326499,0.00038356741025343785,EFFECT,0.10211034257355961,3098.131917715584,5.896590151863168e-05,EFFECT,2830.1142827298127,10.817729419171885,0.00034064264772748487,1.6314412667983285,0.505202132629314,0.30966614790905916,28.64719319343567
3.0,0.5,0.05,6.0,0.012902675764979058,eig,620.0264306194464,EFFECT,0.03992460366452137,1323.6752318512615,9.570407069752835e-08,EFFECT,0.0022031516561171445,1.4206299065040016,0.00032409391954577266,EFFECT,0.08361757725533468,3484.972935530548,5.119402684222729e-05,EFFECT,80.7717788495835,9.576437530071216,0.00017473802900902502,1.3333472039320264,0.2890262984506064,0.21676746881702755,24.925575494766235
3.0,0.7,0.05,4.285714285714286,0.06859848507915883,eig,116.62065118155955,EFFECT,0.035414190708703545,1056.4392137773268,9.207627930073593e-08,EFFECT,0.002386455027353624,1.4837405809357012,0.00033622882105704955,EFFECT,0.06847395719013424,3705.7058922210845,5.4431663038423395e-05,EFFECT,18.413897206161298,9.616122172904689,0.00012572000297927932,1.2199622960546932,0.20157061456901954,0.16522692153756754,26.330668210983276
3.0,1.0,0.05,3.0,0.24381428520379364,eig,32.81185921207673,EFFECT,0.032047285184837994,805.9409469929436,9.565564647555535e-08,EFFECT,0.002744692917855205,1.5682544025760663,0.0003538879179734134,EFFECT,0.05720453888264784,3965.767902233122,5.8208830789219235e-05,EFFECT,6.386358628458049,10.1068876983766,8.750473659657754e-05,1.1368211910447972,0.13910928137069467,0.12236689680533319,18.922613859176636
5.0,0.05,0.05,100.0,2.3368455721301876e-41,quad,3.423418344545325e+41,EFFECT,0.05953672205591828,2263.992950360887,0.00036651814070535874,EFFECT,0.001259164191311974,1.2525628423000834,0.0003763758419300315,EFFECT,0.07126558550993725,2260.226650661721,9.427788105095813e-05,EFFECT,1.7506402006650622e+40,66212.62924342178,0.0007507981544179199,nan,nan,nan,110.29197406768799
5.0,0.1,0.05,50.0,1.0205576625707996e-20,quad,7.83885153519683e+20,EFFECT,0.05176597671025761,2264.8502882172534,6.1577411453291e-06,EFFECT,0.0012342557218034192,1.251038080089546,0.00033774427648071523,EFFECT,0.07126558550993725,2275.4595378607078,8.476989032552007e-05,EFFECT,4.06236446442988e+19,334.82906504359516,0.0006633643404433398,nan,nan,nan,63.212289333343506
5.0,0.15,0.05,33.333333333333336,7.927515033040798e-14,quad,100914346635195.19,EFFECT,0.045009470663334154,2247.82898389941,1.1709219629673446e-06,EFFECT,0.0012098399853772849,1.2567412429519313,0.00033251982716636506,EFFECT,0.06985582761185566,2341.8153447171107,8.363246376247302e-05,EFFECT,5450349565544.591,66.27319933913559,0.0006144522419855303,nan,nan,nan,48.44265031814575
5.0,0.2,0.05,25.0,2.2720622025906927e-10,quad,35210303621.43295,EFFECT,0.040730320628560086,2204.847608201007,6.250631137916431e-07,EFFECT,0.0012098399853772849,1.267925016238275,0.00036227858797765425,EFFECT,0.06847395719013424,2448.296178202687,9.131589476200908e-05,EFFECT,2077789389.70219,31.074159770305123,0.0006074968417025817,nan,nan,nan,46.06192874908447
5.0,0.3,0.05,16.666666666666668,6.822617196878294e-07,quad,11725705.501490572,EFFECT,0.035414190708703545,2064.333308997304,3.0815912090914615e-07,EFFECT,0.0012098399853772849,1.2959768567857481,0.00037325544339024104,EFFECT,0.06711942258172593,2692.914841467174,9.452724128576617e-05,EFFECT,824390.7720519385,16.011475177230974,0.0004989654979788982,nan,nan,nan,34.02523732185364
5.0,0.5,0.05,10.0,0.00043752201754734566,eig,18284.794088412462,EFFECT,0.02900047882404185,1738.7225883665312,1.532675974080661e-07,EFFECT,0.0012342557218034192,1.3491212663265044,0.00035076728480684107,EFFECT,0.06073823046278418,3098.131917715586,8.987255162759555e-05,EFFECT,1717.4084298877244,10.817729419171895,0.000311534982773809,1.6314412665702303,0.5052021324012155,0.30966614781254065,26.63971996307373
5.0,0.7,0.05,7.142857142857143,0.007065810521739208,eig,1132.2126421854357,EFFECT,0.025724199953198183,1467.8898931986619,1.107260040569619e-07,EFFECT,0.0012845753377312358,1.3936237564657923,0.00033414932039769617,EFFECT,0.054963712407661486,3361.8144042883832,8.696274322883557e-05,EFFECT,130.4706466915274,9.779923778603534,0.00021536167526869932,1.41299466280084,0.3491491799796072,0.24709872526165327,28.07416343688965
5.0,1.0,0.05,5.0,0.056951276409236536,eig,140.47095173976706,EFFECT,0.02236667202498252,1176.0638504138049,1.0870799094701294e-07,EFFECT,0.0013639273112573888,1.452818021280831,0.0003574102276114077,EFFECT,0.045009470663334154,3605.3480587247027,9.537438482565275e-05,EFFECT,20.348471441131093,9.536160626368442,0.0001585538108386242,1.2665170031895243,0.2375462331953171,0.1875586609552767,24.50946545600891
0.1,0.05,0.1,2.0,0.023018873862628107,eig,347.5408939526039,EFFECT,0.8156430232090974,510.33451615146055,7.54225283554597e-08,EFFECT,0.09426725740442445,1.614016617512352,0.00029390450305394827,EFFECT,1.3175080977936413,2016.0072711823852,3.1942289733209728e-06,EFFECT,61.063069732678606,11.250581125017417,8.893647627461476e-05,1.1665654516294006,0.18704945168922732,0.16034201203881526,25.818620920181274
0.1,0.1,0.1,1.0,0.07508185994290112,eig,106.55037056998731,EFFECT,0.6679254205501183,287.86632838722016,7.887257089592911e-08,EFFECT,0.11743843101548164,1.7734456211092227,0.0003222228182640016,EFFECT,1.291445483793339,2445.432995278768,3.2631776880759356e-06,EFFECT,26.91614166083308,12.047372578667295,4.409170610608637e-05,1.0375888134096738,0.09811068010666679,0.09455641660617009,22.47977352142334
0.1,0.15,0.1,0.6666666666666667,0.12445958637803023,eig,64.27789319258231,EFFECT,0.5924677029060366,198.90796124053347,6.62903601921578e-08,EFFECT,0.12469294618105553,1.8078299988621462,0.0003089375130056405,EFFECT,1.4271254613039517,2641.354734651018,2.9600829024589714e-06,EFFECT,19.164617027653776,11.984764682908642,2.758702308924832e-05,0.9944921722584956,0.06851924422025546,0.06889872653763376,19.05510425567627
0.1,0.2,0.1,0.5,0.1692968138160878,eig,47.25428565177039,EFFECT,0.5361404865640287,151.58004646071475,5.592388559825159e-08,EFFECT,0.12222630166454769,1.7970844319496746,0.00029426253477042943,EFFECT,1.641355525930628,2736.8116168636698,2.7096768310252983e-06,EFFECT,15.69379559885731,11.657348225074337,1.9805919196369537e-05,0.972306115557812,0.053371963193561966,0.05489213976911219,23.666934728622437
0.1,0.3,0.1,0.33333333333333337,0.2482190257554147,eig,32.22960035256478,EFFECT,0.44790268546992357,102.37619212421627,5.0832257057822314e-08,EFFECT,0.10841799691087087,1.7356679792937402,0.000297283617517391,EFFECT,2.128170705025235,2805.401777368877,2.595927631965367e-06,EFFECT,12.348136116475148,10.86526963311755,1.3795222101320448e-05,0.9490791554910634,0.03771421267870956,0.039737689380814435,15.530999898910522
0.1,0.5,0.1,0.2,0.3783921864772898,eig,21.14208560826121,EFFECT,0.34544576059583987,61.69220194539023,6.477187254911881e-08,EFFECT,0.08196347536154307,1.5989882247306517,0.0003646713457472378,EFFECT,2.399218229422812,2791.5155953774256,3.0014218942997495e-06,EFFECT,9.335130505830346,9.503655460800317,1.0994122516594373e-05,0.9288922586075333,0.02450423717837169,0.026380063943158543,21.83590602874756
0.1,0.7,0.1,0.14285714285714288,0.4865244454067994,eig,16.443161439320754,EFFECT,0.28288356346803645,43.91232804299894,5.283717061629084e-08,EFFECT,0.06196398646679547,1.484813793297545,0.0003497634747701021,EFFECT,2.3052356218750165,2732.409017341513,2.7834477243082745e-06,EFFECT,7.956144666547759,8.49970311216859,8.112069644239384e-06,0.9193363014241722,0.01847435867340297,0.02009532164104014,18.304790258407593
0.1,1.0,0.1,0.1,0.6244195739071106,eig,12.81189817600127,EFFECT,0.22257743353501985,30.455717933090327,6.104641343049794e-08,EFFECT,0.040730320628560086,1.351390195384516,0.0004022218581782101,EFFECT,2.128170705025235,2636.707707411983,3.1027125472760098e-06,EFFECT,6.646725347999568,7.4186507970629805,7.140891294055152e-06,0.9114797751563962,0.013732676833205892,0.015066353864900153,18.48788809776306
0.3,0.05,0.1,5.999999999999999,0.0014357585075502584,eig,5571.967679752691,EFFECT,0.36678495499290537,948.407057669025,2.1010828149085552e-07,EFFECT,0.02106540065095427,1.3473085892880505,0.00037443309828227373,EFFECT,0.5807476557394616,1468.236409740379,1.1833151355710239e-05,EFFECT,468.6564462377838,12.40812099316228,0.0003742327190631167,1.7782908542407874,0.6016716386374175,0.33834264918057594,27.337207794189453
0.3,0.1,0.1,2.9999999999999996,0.0249636656159912,eig,320.4657570351114,EFFECT,0.30035810807430685,674.6204874415333,1.238759529119352e-07,EFFECT,0.026243339090126782,1.4997876081734478,0.0003558521219697019,EFFECT,0.4755709436060909,1779.498002759264,1.1706688741210114e-05,EFFECT,43.477641064082654,10.78932392235423,0.00017286191379506377,1.3020445885465057,0.28094244596995815,0.21577021896276144,19.704313039779663
0.3,0.15,0.1,2.0,0.0690566215878096,eig,115.8469646509933,EFFECT,0.27180239769449427,510.33451615146055,7.57720609590026e-08,EFFECT,0.031413333845238055,1.6140166175123536,0.000294584665630983,EFFECT,0.43904238713805716,2016.0072711823866,9.604863470347169e-06,EFFECT,20.348471441131093,11.250581125017415,8.914201885845685e-05,1.16656545162833,0.18704945168813913,0.1603420120380296,24.82961392402649
0.3,0.2,0.1,1.4999999999999998,0.12027073771810609,eig,66.51659540619617,EFFECT,0.25092528279540993,407.1713606984934,7.340400371686207e-08,EFFECT,0.034713636090390604,1.6908195857585913,0.0002986891995178271,EFFECT,0.4218441398668324,2199.246856724246,9.516855627000886e-06,EFFECT,13.6454381331737,11.67026152972459,6.456274871402545e-05,1.1016234724575078,0.14221411937240747,0.12909503376426376,22.573546648025513
0.3,0.3,0.1,1.0,0.2252455798289911,eig,35.5167901899504,EFFECT,0.22257743353501985,287.86632838722016,7.923209161732034e-08,EFFECT,0.03913482519092715,1.7734456211092224,0.0003229562847027199,EFFECT,0.43035736100052313,2445.4329952787702,9.811816682331331e-06,EFFECT,8.969453096423543,12.047372578667293,4.419178426628978e-05,1.0375888134086566,0.09811068010566892,0.09455641660530106,19.550345420837402
0.3,0.5,0.1,0.6,0.4196445702808845,eig,19.063751961916935,EFFECT,0.18969828644682904,180.20362822430332,6.871668916441464e-08,EFFECT,0.041552297737135105,1.8073072212750179,0.000318607051422493,EFFECT,0.49495958957786895,2680.8066358096457,9.025052208316842e-06,EFFECT,6.014806452157145,11.890690676171323,2.5597372008356878e-05,0.9857001469661629,0.06250340076457983,0.06341015668604283,21.7997567653656
0.3,0.7,0.1,0.4285714285714286,0.5910367572550526,eig,13.53553717564765,EFFECT,0.16826745106331953,130.7205264908957,6.27830978446023e-08,EFFECT,0.03913482519092715,1.7796526276863536,0.00031843988798985814,EFFECT,0.6044242719151522,2771.880854083412,8.616590557675163e-06,EFFECT,4.828055885628652,11.396440031958857,1.8533116461272314e-05,0.9625273621242694,0.04674389394799694,0.04856370404352407,23.57038903236389
0.3,1.0,0.1,0.3,0.8161882472335004,eig,9.801660373224301,EFFECT,0.14341097668585137,92.31358596293674,5.7593332621423596e-08,EFFECT,0.034713636090390604,1.7121328686798125,0.0003216267275031101,EFFECT,0.7380980350168305,2811.101357463068,8.316875544256419e-06,EFFECT,3.875456977737587,10.61017696242171,1.360672705963406e-05,0.9442188196083888,0.03448564385769981,0.03652293635918272,19.128435134887695
0.5,0.05,0.1,10.0,5.8291094576058466e-05,eig,137242.23328078986,EFFECT,0.2559891967356286,1080.0351626368456,3.5601812655441765e-07,EFFECT,0.012039479035260385,1.2850506840690379,0.00034553612450220924,EFFECT,0.3817384834532612,1285.3142316727947,1.7711097083794244e-05,EFFECT,8839.042984821468,20.706421584955113,0.0005089221847219827,2.6613600827021444,1.1318651773879198,0.42529576690678744,33.80174112319946
0.5,0.1,0.1,5.0,0.006125276734957349,eig,1306.0634394432311,EFFECT,0.20962809344364242,883.0978742689033,1.4475793434622006e-07,EFFECT,0.013304353368124614,1.3794870232781862,0.00033588826615174323,EFFECT,0.32534805991687027,1541.8158054413004,1.7931344236950253e-05,EFFECT,125.35982707781228,11.440831488141953,0.0002826455922879667,1.6055562176199403,0.48831119500887205,0.30413833514514954,23.87875986099243
0.5,0.15,0.1,3.3333333333333335,0.03003920773359979,eig,266.3186083650186,EFFECT,0.18594572262998266,718.9046570440782,1.215150390230027e-07,EFFECT,0.015301509581191744,1.4717833166415522,0.00034534309713289777,EFFECT,0.2885924262998161,1725.1914558170465,1.8884917412018143e-05,EFFECT,33.5322097266226,10.762892692859428,0.00018905796368606786,1.3493079733688227,0.3136818777368929,0.23247611659310222,28.498738527297974
0.5,0.2,0.1,2.5,0.06851431660767486,eig,116.76391732562145,EFFECT,0.1716632503292681,598.8787135592513,9.503087401409477e-08,EFFECT,0.017250336468872567,1.5506131227423319,0.0003208291684917944,EFFECT,0.27180239769449427,1880.8987926922887,1.7586644035311183e-05,EFFECT,17.69258471639731,10.947127839754922,0.00012618349618997993,1.2332195479100296,0.23320918509366867,0.18910597507872345,27.267261266708374
0.5,0.3,0.1,1.6666666666666667,0.16567662052975773,eig,48.28683717967976,EFFECT,0.15534284502811627,443.2875589469735,7.533879456402597e-08,EFFECT,0.020240222991858205,1.6638560102453825,0.0002994579266684512,EFFECT,0.2559891967356286,2131.8114252750456,1.6058418507824967e-05,EFFECT,9.335130505830346,11.52258625838984,7.316241326527084e-05,1.1231182660526,0.1570387363406588,0.13982386458070842,24.094632863998413
0.5,0.5,0.1,1.0,0.37540929971551856,eig,21.310074113939958,EFFECT,0.1350674645856029,287.86632838722016,6.624007810179033e-08,EFFECT,0.023748326735502815,1.7734456211092222,0.0002952964211533382,EFFECT,0.26115530533757386,2445.4329952787707,1.4952458939232471e-05,EFFECT,5.442965484921008,12.047372578667293,4.04168188221643e-05,1.0375888134101705,0.09811068010712731,0.09455641660656866,20.351858854293823
0.5,0.7,0.1,0.7142857142857143,0.5748066858382189,eig,13.917722596308883,EFFECT,0.12222630166454769,212.08230329726464,7.659230140203034e-08,EFFECT,0.024716526970793382,1.8060051614016173,0.0003293856803744231,EFFECT,0.2772876319257224,2612.7933715234203,1.593222245668824e-05,EFFECT,4.114855283517236,12.029301037406881,3.154805163285701e-05,1.0007223100549967,0.0727755896675224,0.07272306106928192,19.89144778251648
0.5,1.0,0.1,0.5,0.8464840690781474,eig,9.450857130379662,EFFECT,0.10627329934969004,151.58004646071475,6.445782932580419e-08,EFFECT,0.02422759084740513,1.7970844319496748,0.000315915015587897,EFFECT,0.32534805991687027,2736.811616863666,1.4545303891555506e-05,EFFECT,3.1735896195064717,11.657348225074337,2.125564590749196e-05,0.9723061155584274,0.05337196319424509,0.054892139769780024,19.205460786819458
0.7,0.05,0.1,13.999999999999998,2.0739817175388176e-06,quad,3857314.6196744465,EFFECT,0.19743213345077246,1120.654848955696,6.543801067622474e-07,EFFECT,0.008402679895666279,1.262601266429336,0.0003229781134591081,EFFECT,0.2885924262998161,1200.2021719497698,2.2974852956811342e-05,EFFECT,216152.21777883783,40.492633052500885,0.0005604767792470877,nan,nan,nan,37.104081869125366
0.7,0.1,0.1,6.999999999999999,0.001315675879600245,eig,6080.524940862122,EFFECT,0.16493882664482656,996.9210290316387,2.062727560211176e-07,EFFECT,0.008745250416219761,1.3244663116165656,0.00034182025505796575,EFFECT,0.2559891967356286,1408.7945966406076,2.494769162477567e-05,EFFECT,468.6564462377838,13.775407519038799,0.00039017230469229336,1.9679733775208752,0.7217999820071159,0.3667732451322043,28.857110738754272
0.7,0.15,0.1,4.666666666666667,0.011749574586014909,eig,680.8757152384146,EFFECT,0.14630514835292877,856.5915337782395,1.54556337357764e-07,EFFECT,0.009664031266582976,1.393207588793672,0.0003557352624234012,EFFECT,0.23165173699728503,1570.7443529689267,2.6722057265560206e-05,EFFECT,67.47838964515631,11.20747994616652,0.00027938457938248007,1.5513634797743527,0.45195530404694495,0.29132779644437823,27.502687454223633
0.7,0.2,0.1,3.4999999999999996,0.03578533805275644,eig,223.55524455870787,EFFECT,0.1350674645856029,739.3749344211718,1.3520014949029047e-07,EFFECT,0.010679339741750216,1.4592855295273939,0.0003604521755421661,EFFECT,0.20962809344364242,1701.1003729672732,2.754434422287677e-05,EFFECT,26.91614166083308,10.771933714484236,0.00020836786022060405,1.3733888353267236,0.33033021354378855,0.24052198841794453,23.046133756637573
0.7,0.3,0.1,2.3333333333333335,0.11370767858517156,eig,70.3558466722868,EFFECT,0.11980845168980957,570.8784008074944,8.211901238831568e-08,EFFECT,0.012530318940089923,1.5702515257945378,0.000301034664303797,EFFECT,0.18969828644682904,1921.5507944531444,2.3062366489939867e-05,EFFECT,11.174171474956848,11.032391734264822,0.00010920777990985897,1.2107795312767038,0.21765541324559645,0.17976469507713777,22.960359811782837
0.7,0.5,0.1,1.4,0.3157326506836494,eig,25.33789262110765,EFFECT,0.10627329934969004,384.6409708315828,8.942424659262839e-08,EFFECT,0.015301509581191744,1.7074782308422558,0.00033189324035885715,EFFECT,0.1822673910872557,2243.0957239000504,2.4499926786242243e-05,EFFECT,5.442965484921008,11.75882287986851,6.624193718596239e-05,1.0887814998683931,0.1333621763180053,0.12248754808391352,20.517488479614258
0.7,0.7,0.1,1.0,0.5255730196042803,eig,15.221481509883137,EFFECT,0.09616966147291227,287.86632838722016,6.967979492622283e-08,EFFECT,0.016909094649170304,1.7734456211092227,0.0003028655520515837,EFFECT,0.18594572262998266,2445.432995278772,2.1470015113378427e-05,EFFECT,3.875456977737587,12.047372578667293,4.1450023299915983e-05,1.037588813409886,0.0981106801067585,0.09455641660623912,18.824683666229248
0.7,1.0,0.1,0.7,0.82386001710942,eig,9.710387485569031,EFFECT,0.08702659882029457,208.1462885884611,7.592964369375889e-08,EFFECT,0.017598464877237895,1.8067168813270833,0.00032873167494070437,EFFECT,0.20141650410362386,2621.375767996303,2.219837863615126e-05,EFFECT,2.8718694274995804,12.017681599749706,3.084072081760425e-05,0.9988570602151323,0.07151100521316289,0.0715928315086054,23.20908260345459
1.0,0.05,0.1,20.0,1.2806696575701898e-08,quad,624673189.7418709,EFFECT,0.15226989191727267,1135.2386257593844,2.5608186755225975e-06,EFFECT,0.00598280928357344,1.2514022836067258,0.00035788917881045544,EFFECT,0.20548128319466533,1151.190648600111,3.617231950882316e-05,EFFECT,32564224.43335522,124.99536854250822,0.0006817526274083274,nan,nan,nan,40.3309850692749
1.0,0.1,0.1,10.0,0.00011658218915211693,eig,68621.11664039493,EFFECT,0.12720936996019305,1080.0351626368456,3.9251646296787294e-07,EFFECT,0.00598280928357344,1.2850506840690379,0.0003628208703213649,EFFECT,0.19352658061659955,1285.3142316727947,3.719411780049586e-05,EFFECT,4392.408365230469,20.706421584955113,0.0005343644386712754,2.6613600827021444,1.1318651773879198,0.42529576690678744,25.4069664478302
1.0,0.15,0.1,6.666666666666667,0.002565298691903727,eig,3118.5452303268203,EFFECT,0.11283811169571215,982.3147892895081,2.3334278016920973e-07,EFFECT,0.006226723619963076,1.3312774136047534,0.00037377138455135827,EFFECT,0.17866182337446176,1427.325322703313,3.9091445839963684e-05,EFFECT,247.2769896630026,13.27408665124363,0.00040961418943330496,1.9027266959592954,0.6809652581245074,0.357889159578531,26.956073999404907
1.0,0.2,0.1,5.0,0.012250553469914698,eig,653.0317197216156,EFFECT,0.10417102765653845,883.0978742689033,1.5959542139663878e-07,EFFECT,0.0066113665391698585,1.3794870232781862,0.0003526819725232362,EFFECT,0.16493882664482656,1541.8158054413004,3.765574737965571e-05,EFFECT,62.295381306096154,11.440831488141953,0.00029676617810237005,1.6055562176199403,0.48831119500887205,0.30413833514514954,23.406033992767334
1.0,0.3,0.1,3.3333333333333335,0.06007841546719958,eig,133.1593041825093,EFFECT,0.09240248621500025,718.9046570440782,9.755431088442155e-08,EFFECT,0.007603818512987841,1.4717833166415522,0.00030943023463942873,EFFECT,0.14630514835292877,1725.1914558170465,3.384208042719883e-05,EFFECT,16.663247227194528,10.762892692859428,0.0001694153243056995,1.3493079733688227,0.3136818777368929,0.23247611659310222,21.17987060546875
1.0,0.5,0.1,2.0,0.23018873862501457,eig,34.7540893954516,EFFECT,0.08034209449561247,510.33451615146055,9.584450464331603e-08,EFFECT,0.009472859829375417,1.6140166175123536,0.00033130946114264486,EFFECT,0.12977657759543593,2016.0072711823861,3.600755586041782e-05,EFFECT,6.014806452157145,11.250581125017415,0.00010023821038762648,1.1665654516265862,0.1870494516863686,0.16034201203675155,20.164661645889282
1.0,0.7,0.1,1.4285714285714286,0.43597943779738874,eig,18.349489233751004,EFFECT,0.07417102627750469,391.14492231290217,8.581522038845825e-08,EFFECT,0.010679339741750216,1.7026913401201151,0.0003244907107961837,EFFECT,0.12720936996019305,2230.299360901789,3.4292308037864316e-05,EFFECT,3.875456977737587,11.733690537132377,6.628945501441219e-05,1.092447123053267,0.135888642863835,0.12438921756143355,18.26744318008423
1.0,1.0,0.1,1.0,0.7508185994310371,eig,10.655037056969979,EFFECT,0.06711942258172593,287.86632838722016,7.302884003803883e-08,EFFECT,0.011801317087424015,1.7734456211092222,0.00031005764331248193,EFFECT,0.12977657759543593,2445.4329952787707,3.139979932381687e-05,EFFECT,2.7047868381998423,12.047372578667293,4.2431632566564126e-05,1.0375888134101705,0.09811068010712731,0.09455641660656866,18.073957443237305
1.5,0.05,0.1,30.0,2.3055380094560076e-12,quad,3469905925293.1606,EFFECT,0.11060597653496948,1136.5585417449072,1.5560940463838933e-05,NO_TEST,nan,1.2486882299339361,nan,EFFECT,0.14057405679516607,1133.0007744592365,5.045902794002799e-05,EFFECT,175365163114.55466,919.6898035431068,0.0006599993841607255,nan,nan,nan,50.58666944503784
1.5,0.1,0.1,15.0,1.7880213800725413e-06,quad,4474219.430013434,EFFECT,0.09426725740442445,1125.245628942361,9.087839989166305e-07,EFFECT,0.003932634975156955,1.2595343525104312,0.00034601308059690274,EFFECT,0.1350674645856029,1187.5034912315955,5.267599260852518e-05,EFFECT,248599.47265553958,48.51799205652449,0.0006150749337536787,nan,nan,nan,37.36092281341553
1.5,0.15,0.1,10.0,0.00017487328393277833,eig,45747.411040071835,EFFECT,0.08530506051885198,1080.0351626368456,3.576594978461374e-07,EFFECT,0.004011999337530618,1.28505068406904,0.00034633194285353154,EFFECT,0.12720936996019305,1285.3142316727942,5.325566506229895e-05,EFFECT,2945.4957723377447,20.706421584955123,0.000510093624360386,2.6613600825580663,1.131865177243844,0.42529576687567555,28.836475372314453
1.5,0.2,0.1,7.5,0.0017696449758370675,eig,4520.680763222513,EFFECT,0.07719491953505643,1016.307661585188,2.3784455434582602e-07,EFFECT,0.0040929653491940735,1.315447558783274,0.00035188465164368585,EFFECT,0.12222630166454769,1383.1086776819852,5.481064082147463e-05,EFFECT,333.6890339954596,14.61680842967561,0.00042447445788329485,2.069861666182619,0.7846279910217033,0.379072671300188,28.501012563705444
1.5,0.3,0.1,5.0,0.018375830205524267,eig,435.35447979895815,EFFECT,0.06985582761185566,883.0978742689032,1.4542519385010114e-07,EFFECT,0.004433502209095775,1.379487023278184,0.0003366614877689428,EFFECT,0.10841799691087087,1541.8158054413007,5.391786762512507e-05,EFFECT,41.77452709674145,11.440831488141942,0.0002832957601727193,1.6055562176129794,0.4883111950019526,0.30413833514215843,25.054063081741333
1.5,0.5,0.1,3.0,0.12481832807267751,eig,64.09315141075972,EFFECT,0.05953672205591828,674.6204874415331,1.0407800370648297e-07,EFFECT,0.005306911766053518,1.49978760817345,0.0003261809568155025,EFFECT,0.09426725740442445,1779.4980027592624,5.3652889788091684e-05,EFFECT,8.618100068198872,10.789323922354226,0.00015846358821636208,1.3020445885481189,0.28094244597157636,0.2157702189637369,24.065447568893433
1.5,0.7,0.1,2.142857142857143,0.2969027609683651,eig,26.944848791259297,EFFECT,0.054963712407661486,537.0476011093681,7.810036098994853e-08,EFFECT,0.006103548138563429,1.5945112290094523,0.0002967013987008847,EFFECT,0.0887828794231353,1973.188822658464,4.854572161044901e-05,EFFECT,4.547164257711912,11.149575076849816,9.737912775698021e-05,1.185411319547053,0.2000883580323376,0.16879234636361629,19.537219285964966
1.5,1.0,0.1,1.5,0.6013536885852664,eig,13.303319081355687,EFFECT,0.049738190569828485,407.1713606984934,8.457802797064143e-08,EFFECT,0.0070197699758374746,1.6908195857585913,0.00032061584180533486,EFFECT,0.08530506051885198,2199.2468567242468,5.107741906773544e-05,EFFECT,2.7593720423000114,11.670261529724591,6.929315448200857e-05,1.1016234724570295,0.14221411937186984,0.12909503376383177,23.124197721481323
2.0,0.05,0.1,40.0,3.727118658411302e-16,quad,2.146430187283071e+16,EFFECT,0.08702659882029457,1135.270540060059,8.841735545251535e-05,NO_TEST,nan,1.2494617187464552,nan,EFFECT,0.10841799691087087,1130.6205486918675,6.646572210639023e-05,EFFECT,1086141517924780.6,8000.371804627666,0.0006571859305735117,nan,nan,nan,56.114731788635254
2.0,0.1,0.1,20.0,2.5613393151403843e-08,quad,312336594.8709349,EFFECT,0.07566786904178371,1135.2386257593844,2.054754728038548e-06,EFFECT,0.002973052805589142,1.2514022836067258,0.00032046854398075906,EFFECT,0.10417102765653845,1151.190648600111,6.4780335634812e-05,EFFECT,16182223.805669267,124.99536854250822,0.0006105038096518856,nan,nan,nan,36.52967715263367
2.0,0.15,0.1,13.333333333333334,1.0884198626759727e-05,quad,735010.4747566184,EFFECT,0.06847395719013424,1116.7391324255636,5.805878883689217e-07,EFFECT,0.002973052805589142,1.2650654343338108,0.00032405833873648565,EFFECT,0.10009042144488495,1210.1799116256188,6.592686836297268e-05,EFFECT,41997.94497999054,35.97721236200491,0.0005517862206780855,nan,nan,nan,33.735663175582886
2.0,0.2,0.1,10.0,0.00023316437830423386,eig,34310.558320197466,EFFECT,0.06321447940782192,1080.0351626368456,4.3249647672366966e-07,EFFECT,0.002973052805589142,1.2850506840690379,0.00038085614909960923,EFFECT,0.09616966147291227,1285.3142316727947,7.80859631768216e-05,EFFECT,2182.7307865882367,20.706421584955113,0.0005609098620796837,2.6613600827021444,1.1318651773879198,0.42529576690678744,27.84774875640869
2.0,0.3,0.1,6.666666666666667,0.005130597383807454,eig,1559.2726151634101,EFFECT,0.05607293307433405,982.3147892895081,1.8745863268683408e-07,EFFECT,0.003094261784140015,1.3312774136047534,0.00033501131422444027,EFFECT,0.0887828794231353,1427.325322703313,7.007533036284402e-05,EFFECT,122.87999049104282,13.27408665124363,0.00036716467586861423,1.9027266959592954,0.6809652581245074,0.357889159578531,25.487643241882324
2.0,0.5,0.1,4.0,0.06325785006525206,eig,126.46651746380567,EFFECT,0.04875428218697621,794.7927417769217,1.2624154064572736e-07,EFFECT,0.0035587506605296916,1.4268976699036395,0.00033699416000630613,EFFECT,0.07719491953505643,1638.330021424783,7.307390855648688e-05,EFFECT,13.920816220280644,10.882183399664727,0.00022537217094842354,1.4475614700740365,0.3813729981784403,0.2634589314945877,22.337324857711792
2.0,0.7,0.1,2.857142857142857,0.191636047825402,eig,41.745799346105976,EFFECT,0.044119104628984246,654.1783500238782,1.201033969709938e-07,EFFECT,0.004011999337530618,1.5131515691400608,0.00035336328170958056,EFFECT,0.06985582761185566,1805.723707256922,7.754127273973399e-05,EFFECT,5.779193373139723,10.819591519976692,0.0001622941375729603,1.2821373992242913,0.2671336521096306,0.2083502534683488,24.554861307144165
2.0,1.0,0.1,2.0,0.46037747725002914,eig,17.3770446977258,EFFECT,0.040730320628560086,510.33451615146055,7.697106022941509e-08,EFFECT,0.004707372600026412,1.6140166175123536,0.0002969059824697775,EFFECT,0.06579168303644331,2016.0072711823861,6.453699640274202e-05,EFFECT,3.0492731967358804,11.250581125017415,8.984350218288473e-05,1.1665654516265862,0.1870494516863686,0.16034201203675155,25.32012414932251
3.0,0.05,0.1,60.0,8.220942289996469e-24,quad,9.731244567590118e+23,EFFECT,0.06196398646679547,1133.6358858720137,0.0006499904025689396,EFFECT,0.002074974420829482,1.2513681836344541,0.00034893916767621806,EFFECT,0.07270379368051788,1130.3323967177616,0.00010503837170094954,EFFECT,4.987323457671427e+22,64143.76040599942,0.0006951485540347413,nan,nan,nan,80.76037335395813
3.0,0.1,0.1,30.0,4.611076018912007e-12,quad,1734952962646.5835,EFFECT,0.054963712407661486,1136.5585417449072,1.7127357925592882e-05,NO_TEST,nan,1.2486882299339361,nan,EFFECT,0.07126558550993725,1133.0007744592365,0.00010599761906249228,EFFECT,88903324783.56804,919.6898035431068,0.0006932020135472783,nan,nan,nan,51.1573703289032
3.0,0.15,0.1,20.0,3.842008972710561e-08,quad,208224396.58062407,EFFECT,0.05074195517171265,1135.2386257593846,2.572552362283735e-06,EFFECT,0.001993693150008425,1.2514022836067162,0.00035871096419041993,EFFECT,0.06847395719013424,1151.1906486001112,0.00010876613473870256,EFFECT,10851603.0030193,124.99536854250725,0.0006833172108433594,nan,nan,nan,39.555360555648804
3.0,0.2,0.1,15.0,3.576042760145083e-06,quad,2237109.715006717,EFFECT,0.046844470685520834,1125.245628942361,1.0019461334946667e-06,EFFECT,0.001993693150008425,1.2595343525104312,0.00036333565945438726,EFFECT,0.06711942258172593,1187.5034912315955,0.00011062625902638623,EFFECT,123537.17536606488,48.51799205652449,0.000645850179040286,nan,nan,nan,34.06407380104065
3.0,0.3,0.1,10.0,0.00034974656786555667,eig,22873.705520035917,EFFECT,0.042390863135627684,1080.0351626368456,3.943149336552504e-07,EFFECT,0.001993693150008425,1.28505068406904,0.0003636513657728767,EFFECT,0.06449020850108327,1285.3142316727942,0.00011183776519822775,EFFECT,1463.7127902177083,20.706421584955123,0.0005355868490750648,2.6613600825580663,1.131865177243844,0.42529576687567555,25.654074668884277
3.0,0.5,0.1,6.0,0.014357585064551127,eig,557.1967684002791,EFFECT,0.036857998862375806,948.4070576690252,1.9455765597546168e-07,EFFECT,0.0021168494036059395,1.3473085892880663,0.00036031011530741707,EFFECT,0.05720453888264784,1468.236409740379,0.00011386824838464926,EFFECT,47.0950035630863,12.408120993162273,0.00036012758286774194,1.7782908541967992,0.6016716385934172,0.33834264916420226,24.82950234413147
3.0,0.7,0.1,4.285714285714286,0.07227092344896999,eig,110.69458667770789,EFFECT,0.033353827300497796,822.8264437082769,1.4781415046383087e-07,EFFECT,0.002292972382250432,1.411305722672917,0.00035751304019526525,EFFECT,0.05176597671025761,1607.5146477422056,0.00011577850533633915,EFFECT,11.629733484513364,10.997763559178761,0.00025719462558460027,1.4913289382290793,0.41127366170060636,0.275776625235332,25.17413854598999
3.0,1.0,0.1,3.0,0.24963665614535502,eig,32.04657570537986,EFFECT,0.030182805087853967,674.6204874415331,1.1471852379531822e-07,EFFECT,0.002637177313741086,1.49978760817345,0.0003424476146826114,EFFECT,0.046844470685520834,1779.4980027592624,0.00011265712308933251,EFFECT,4.282614633388909,10.789323922354226,0.00016635753710403378,1.3020445885481189,0.28094244597157636,0.2157702189637369,24.680889129638672
5.0,0.05,0.1,100.0,2.951835040773494e-39,quad,2.7101785463945482e+39,EFFECT,0.03992460366452137,1132.3228195175348,0.0019939209424519526,EFFECT,0.001259164191311974,1.2537081339157363,0.000341179375413662,EFFECT,0.045009470663334154,1130.3795783537892,0.00017094433068470805,EFFECT,1.390947670682133e+38,92637.00138877542,0.0006805726557432834,nan,nan,nan,101.97387385368347
5.0,0.1,0.1,50.0,1.1301786645350434e-19,quad,7.0785268303496135e+19,EFFECT,0.036128883194106,1134.29918943913,0.000334113397139147,EFFECT,0.0012342557218034192,1.250481327655547,0.0003549539364357526,EFFECT,0.04324635159170897,1130.3433447585178,0.0001782019843422078,EFFECT,3.621060923379738e+18,649520.4283788817,0.0007066118107641461,nan,nan,nan,56.9260048866272
5.0,0.15,0.1,33.333333333333336,3.8027288882369997e-13,quad,21037523933789.863,EFFECT,0.03402693966743432,1136.1255598050604,3.082243748481245e-05,NO_TEST,nan,1.2488488211416633,nan,EFFECT,0.042390863135627684,1131.643948407989,0.00017352198284581455,EFFECT,1058992054431.1329,1833.521240905904,0.0006835380312251171,nan,nan,nan,50.6420521736145
5.0,0.2,0.1,25.0,6.994321074690501e-10,quad,11437850671.380568,EFFECT,0.032047285184837994,1136.865646270385,5.859096666643199e-06,NO_TEST,nan,1.249052124044291,nan,EFFECT,0.042390863135627684,1137.862485273496,0.00016741694222599524,EFFECT,590115415.1301426,334.9664496471048,0.0006493166444641041,nan,nan,nan,43.6463041305542
5.0,0.3,0.1,16.666666666666668,1.3112265546368515e-06,quad,6101157.707422747,EFFECT,0.02900047882404185,1130.3944017193664,1.078234375113986e-06,EFFECT,0.0011859072349115958,1.2557392985698592,0.0003210212806619543,EFFECT,0.040730320628560086,1171.223630067298,0.00016262578790815496,EFFECT,328837.40885221784,66.07549745979176,0.0005885835330611267,nan,nan,nan,37.47323250770569
5.0,0.5,0.1,10.0,0.0005829109482999582,eig,13724.223268291244,EFFECT,0.02521533029617706,1080.0351626368458,3.2935095413083926e-07,EFFECT,0.0011859072349115958,1.2850506840690517,0.00033233989328841504,EFFECT,0.038360669916566024,1285.314231672795,0.00017034699784057583,EFFECT,870.6593528419776,20.70642158495512,0.0004894970186031244,2.661360082914221,1.13186517759998,0.4252957669525779,27.24981379508972
5.0,0.7,0.1,7.142857142857143,0.008225995097106168,eig,972.526716289234,EFFECT,0.02327854330578653,1002.7543973509257,2.2992152073726488e-07,EFFECT,0.0012342557218034192,1.3217453156126624,0.0003565866456825586,EFFECT,0.036128883194106,1401.2068538860422,0.00018566798233483894,EFFECT,74.56770661935408,14.00466930798233,0.00041377074544723946,1.9965831731597756,0.7395539902900496,0.37040980823235015,28.691940307617188
5.0,1.0,0.1,5.0,0.0612527673511964,eig,130.60634394086267,EFFECT,0.020648690190618615,883.0978742689033,1.339170254558799e-07,EFFECT,0.0013369464440450343,1.3794870232781862,0.0003230666509325277,EFFECT,0.03269403027319954,1541.8158054413007,0.00017246864243292137,EFFECT,12.348136116475148,11.440831488141953,0.00027186413226887307,1.605556217612172,0.48831119500112136,0.30413833514179367,27.516145944595337
